ALB,\N,\N,\N,\N,\N,\N,\N,\N,\N,\N,\N,\N,1960,1
ALB,\N,\N,\N,\N,\N,\N,\N,\N,\N,\N,\N,\N,1961,2
ALB,\N,\N,\N,\N,\N,\N,\N,\N,\N,\N,\N,\N,1962,3
ALB,\N,\N,\N,\N,\N,\N,\N,\N,\N,\N,\N,\N,1963,4
ALB,\N,\N,\N,\N,\N,\N,\N,\N,\N,\N,\N,\N,1964,5
ALB,\N,\N,\N,\N,\N,\N,\N,\N,\N,\N,\N,\N,1965,6
ALB,\N,\N,\N,\N,\N,\N,\N,\N,\N,\N,\N,\N,1966,7
ALB,\N,\N,\N,\N,\N,\N,\N,\N,\N,\N,\N,\N,1967,8
ALB,\N,\N,\N,\N,\N,\N,\N,\N,\N,\N,\N,\N,1968,9
ALB,\N,\N,\N,\N,\N,\N,\N,\N,\N,\N,\N,\N,1969,10
ALB,\N,\N,\N,\N,\N,\N,\N,\N,\N,\N,\N,\N,1970,11
ALB,\N,\N,\N,\N,\N,\N,\N,\N,\N,\N,\N,\N,1971,12
ALB,\N,\N,\N,\N,\N,\N,\N,\N,\N,\N,\N,\N,1972,13
ALB,\N,\N,\N,\N,\N,\N,\N,\N,\N,\N,\N,\N,1973,14
ALB,\N,\N,\N,\N,\N,\N,\N,\N,\N,\N,\N,\N,1974,15
ALB,\N,\N,\N,\N,\N,\N,\N,\N,\N,\N,\N,\N,1975,16
ALB,\N,\N,\N,\N,\N,\N,\N,\N,\N,\N,\N,\N,1976,17
ALB,\N,\N,\N,\N,\N,\N,\N,\N,\N,\N,\N,\N,1977,18
ALB,\N,\N,\N,\N,\N,\N,\N,\N,\N,\N,\N,\N,1978,19
ALB,\N,\N,\N,\N,\N,\N,\N,\N,\N,\N,\N,\N,1979,20
ALB,\N,\N,\N,\N,\N,\N,\N,6.05202163275818,\N,\N,\N,\N,1980,21
ALB,\N,\N,\N,\N,\N,\N,\N,5.84831705344366,\N,\N,\N,\N,1981,22
ALB,\N,\N,\N,\N,\N,\N,\N,5.65159574468085,\N,\N,\N,\N,1982,23
ALB,\N,\N,\N,\N,\N,\N,\N,5.44128198995456,\N,\N,\N,\N,1983,24
ALB,\N,\N,\N,\N,\N,\N,\N,6.11750454270139,\N,\N,\N,\N,1984,25
ALB,\N,\N,\N,\N,\N,\N,\N,5.65142619937141,\N,\N,\N,\N,1985,26
ALB,\N,\N,\N,\N,\N,\N,\N,5.62618650405569,\N,\N,\N,\N,1986,27
ALB,\N,\N,\N,\N,\N,\N,\N,5.86222892264873,\N,\N,\N,\N,1987,28
ALB,\N,\N,\N,\N,\N,\N,\N,5.61731662843362,\N,\N,\N,\N,1988,29
ALB,\N,\N,\N,\N,\N,\N,\N,5.16761272357288,\N,\N,\N,\N,1989,30
ALB,28.7883207223711,\N,100,\N,\N,\N,\N,5.8883007196812,\N,\N,\N,\N,1990,31
ALB,28.7171523936474,\N,100,\N,\N,\N,\N,5.79127042184833,\N,\N,\N,\N,1991,32
ALB,28.6459862924841,\N,100,\N,\N,\N,\N,4.6708878237371,\N,\N,\N,\N,1992,33
ALB,28.5748179637603,\N,100,\N,\N,\N,\N,3.19945106674965,\N,\N,\N,\N,1993,34
ALB,28.5036496350365,\N,100,\N,\N,\N,\N,2.54781906037648,\N,\N,\N,\N,1994,35
ALB,28.4324813063127,\N,100,\N,\N,\N,\N,2.05358735905793,\N,\N,\N,304000,1995,36
ALB,28.361312977589,\N,100,\N,\N,2.44233126625145,2.85921784746074,1.37902962734156,\N,\N,\N,287000,1996,37
ALB,28.2901468764257,\N,100,\N,\N,2.91515590090316,0.812082229961594,1.28308078036268,\N,\N,\N,119000,1997,38
ALB,28.2189785477019,\N,100,\N,\N,3.63059226219479,1.16927644792172,1.23824256064749,\N,\N,\N,184000,1998,39
ALB,28.1478102189781,\N,100,2.44377994537354,4.01275014877319,3.60698996467483,1.97816198362317,1.24921009885957,\N,\N,\N,371000,1999,40
ALB,28.0766418902543,6.76132337,100,4.60219,4.6321,8.92566443438944,1.85136878891281,1.24636024189216,\N,\N,\N,317000,2000,41
ALB,28.1722621500057,6.51584893,100,6.6844,5.54348,9.89379726386157,1.44835970613169,1.30929137475594,\N,\N,\N,354000,2001,42
ALB,28.2678824097571,6.43433172,100,\N,\N,9.0463146665408,2.00964296137502,1.32003449433204,\N,\N,\N,470000,2002,43
ALB,28.3635026695084,6.35372947,100,8.79053,7.76846,8.57046904802382,0.939453931081243,1.33684292419802,23.9,\N,\N,557000,2003,44
ALB,28.4591251568203,6.55977303,100,10.04136,8.02623,7.71445408523546,2.62771190807075,1.38115794211088,22,\N,\N,645000,2004,45
ALB,28.5547454165716,6.3428304,100,\N,\N,8.96922060916956,8.66272951299641,1.35000497056322,26.2,\N,\N,748000,2005,46
ALB,28.5102187107949,5.93267196,100,\N,\N,12.2287824133292,13.6870930880734,1.56776908873068,32.6,\N,\N,937000,2006,47
ALB,28.4656942325787,6.12899955,100,\N,\N,14.6550548834168,7.45300316147739,1.8207653435572,40.3,27.5919990539551,24.943000793457,1062000,2007,48
ALB,28.421167526802,5.56658865,100,11.53157,10.63223,16.0211670169804,21.8142720048,1.98486885667761,51.9,26.8782005310059,27.2952995300293,1247000,2008,49
ALB,28.3766430485858,5.09043094,100,13.19732,12.66232,11.7978027576812,11.6024144572502,1.51721713955964,76.8,26.1571006774902,27.9587993621826,1711000,2009,50
ALB,28.3321163428091,5.00999686,100,13.10753,11.53907,13.8184888909126,17.9732269041857,1.55859189302343,140.8,29.6152992248535,31.8365001678467,2191000,2010,51
ALB,28.2970812720974,5.60327041,100,12.02898,9.78291,17.5823065012914,21.1919470575015,1.52826631112524,165.2,24.7621994018555,19.4664001464844,2469000,2011,52
ALB,28.2620439738253,5.84830141,100,9.00773,6.38463,19.9347497434706,26.5907812657436,1.48708257655211,214.1,32.2784996032715,23.3484992980957,3156000,2012,53
ALB,28.2270066755531,6.34386087,100,6.10668,2.83276,17.198307289376,31.0030518237451,1.40898210141128,359.5,33.6450996398926,27.0660991668701,2857000,2013,54
ALB,28.1919716048415,6.91679461,100,\N,\N,8.15016131257712,1.56752336260238,1.3465159912894,360.7,42.5499992370605,32.5499992370605,3341000,2014,55
ALB,28.1569343065693,6.81974032,100,\N,\N,9.61593113010088,8.80663849491778,1.16230386432234,269,39.25,40.8499984741211,3784000,2015,56
ALB,28.1218970082972,6.69789475,100,\N,\N,7.28842835508038,11.1789815992628,1.10150759652938,191.4,\N,\N,4070000,2016,57
ALB,\N,\N,100,\N,\N,4.98833251645976,0.834610895472859,1.10755057254768,\N,34.1500015258789,27.7099990844727,4643000,2017,58
ALB,\N,\N,\N,\N,\N,4.48760651520371,1.66317829877038,1.17890055828841,\N,\N,\N,\N,2018,59
ALB,\N,\N,\N,\N,\N,\N,\N,\N,\N,\N,\N,\N,2019,60
CYP,\N,\N,\N,\N,\N,\N,\N,\N,\N,\N,\N,\N,1960,61
CYP,\N,\N,\N,\N,\N,\N,\N,\N,\N,\N,\N,\N,1961,62
CYP,\N,\N,\N,\N,\N,\N,\N,\N,\N,\N,\N,\N,1962,63
CYP,\N,\N,\N,\N,\N,\N,\N,\N,\N,\N,\N,\N,1963,64
CYP,\N,\N,\N,\N,\N,\N,\N,\N,\N,\N,\N,\N,1964,65
CYP,\N,\N,\N,\N,\N,\N,\N,\N,\N,\N,\N,\N,1965,66
CYP,\N,\N,\N,\N,\N,\N,\N,\N,\N,\N,\N,\N,1966,67
CYP,\N,\N,\N,\N,\N,\N,\N,\N,\N,\N,\N,\N,1967,68
CYP,\N,\N,\N,\N,\N,\N,\N,\N,\N,\N,\N,\N,1968,69
CYP,\N,\N,\N,\N,\N,\N,\N,\N,\N,\N,\N,\N,1969,70
CYP,\N,\N,\N,\N,\N,7.12506391658005,\N,\N,\N,\N,\N,\N,1970,71
CYP,\N,\N,\N,20.1157608032227,20.4264698028564,8.01373788756354,\N,\N,\N,\N,\N,\N,1971,72
CYP,\N,\N,\N,21.4649696350098,21.7848205566406,6.97057360143117,0.285822302011012,\N,\N,\N,\N,\N,1972,73
CYP,\N,\N,\N,21.5007991790771,21.9598808288574,5.59290710025128,\N,\N,\N,\N,\N,\N,1973,74
CYP,\N,\N,\N,21.8274402618408,22.9116497039795,12.8684068057818,0.033318915374555,\N,\N,\N,\N,\N,1974,75
CYP,\N,\N,\N,28.566089630127,29.0091495513916,15.9853554230365,0.423863805398136,\N,\N,\N,\N,\N,1975,76
CYP,\N,\N,\N,30.7924404144287,31.2241306304932,15.1594540742142,3.85298816196124,\N,\N,\N,\N,\N,1976,77
CYP,\N,\N,\N,31.9545707702637,31.8865299224854,13.942763063628,1.84630364879909,\N,\N,\N,\N,\N,1977,78
CYP,\N,\N,\N,31.3048801422119,30.9810009002686,11.100980184522,2.42502574340272,\N,\N,\N,\N,\N,1978,79
CYP,\N,\N,\N,30.8282108306885,30.0044708251953,12.550605327605,5.055707300275,\N,\N,\N,\N,\N,1979,80
CYP,\N,\N,\N,31.7270793914795,30.7825794219971,18.6171708295783,5.23306486446751,\N,\N,\N,\N,\N,1980,81
CYP,\N,\N,\N,29.0776405334473,28.4821605682373,21.6764115222894,5.67905320660313,\N,\N,\N,\N,\N,1981,82
CYP,\N,\N,\N,32.5370788574219,31.5645599365234,20.4456086561986,6.95707161143047,\N,\N,\N,\N,\N,1982,83
CYP,\N,\N,\N,31.8616199493408,31.9448394775391,18.8536924690239,8.37888713152986,\N,\N,\N,\N,\N,1983,84
CYP,\N,\N,\N,31.3655700683594,31.9011707305908,18.3559449172643,6.30358274329177,\N,\N,\N,\N,\N,1984,85
CYP,\N,\N,\N,30.6329193115234,31.0480308532715,18.1563557054125,8.10719760820746,1.2702916956171,\N,\N,\N,\N,1985,86
CYP,\N,\N,\N,25.9131908416748,26.4970302581787,12.7478492261348,5.87566875208787,1.57715789858516,\N,\N,\N,\N,1986,87
CYP,\N,\N,\N,21.7967300415039,22.5131702423096,12.4702429895261,5.1958700862288,5.39147769754872,\N,\N,\N,\N,1987,88
CYP,\N,\N,\N,20.1259307861328,21.239839553833,9.18134571023013,1.21819112239234,5.70025602914459,\N,\N,\N,\N,1988,89
CYP,\N,\N,\N,20.0654201507568,21.0475692749023,9.73286785813428,1.79330773769659,5.36935509753425,\N,\N,\N,\N,1989,90
CYP,17.4361472522026,\N,100,21.1410007476807,21.2195892333984,10.691511143139,1.91074745614815,7.3740356129737,\N,\N,\N,\N,1990,91
CYP,17.5497839461157,\N,100,20.8459205627441,20.8492908477783,10.4368279682783,1.72354989525075,7.26477612246644,\N,\N,\N,\N,1991,92
CYP,17.6634206400289,\N,100,22.4878196716309,22.8007907867432,8.6648379018779,2.20377306335947,9.12928604418491,\N,4.15999984741211,5.42000007629395,\N,1992,93
CYP,17.777055682558,\N,100,2.4071900844574,2.33119010925293,10.2844762661821,2.37154865097361,4.07495260499477,\N,\N,\N,\N,1993,94
CYP,17.8906923764712,\N,100,2.95461010932922,3.22094011306763,8.51259294005208,2.60695245081617,4.02398919595774,\N,\N,\N,\N,1994,95
CYP,18.0043290703844,\N,100,3.71044993400574,3.86853003501892,7.81941937354903,1.62642436732119,3.04103421492608,\N,\N,\N,2100000,1995,96
CYP,18.1179657642975,\N,100,3.63994002342224,4.14282989501953,8.55808401873581,2.58955770938093,4.52471482889734,\N,\N,\N,1950000,1996,97
CYP,18.2316024582107,\N,100,3.80079007148743,3.62397003173828,8.3924970011227,1.92659940533734,5.573910769889,\N,\N,\N,2088000,1997,98
CYP,18.3452375007398,\N,100,\N,\N,6.65397445605036,2.6050580980555,4.67631794591642,\N,\N,\N,2223000,1998,99
CYP,18.458874194653,\N,100,\N,\N,8.75064045957568,3.02095041360466,2.73385096955161,\N,\N,\N,2434000,1999,100
CYP,18.5725108885662,5.31196586,100,2.24498,1.59503,12.8125259701256,5.91908812302912,2.82209015133954,\N,6.65229988098145,13.2941999435425,2686000,2000,101
CYP,18.5995671656225,5.34238735,100,2.23775,1.84182,12.0628238004288,5.09051764877363,3.15322215947894,\N,\N,\N,2697000,2001,102
CYP,18.6266234426788,5.61591572,100,1.28335,0.92856,10.9420974317689,3.89259564482285,2.1301607353618,\N,7.95590019226074,7.55399990081787,2418000,2002,103
CYP,18.6525980631511,5.53012386,100,0.87807,0.72283,9.93770431974756,3.59157477323363,1.98516312435716,154.3,8.98840045928955,8.81009960174561,2303000,2003,104
CYP,18.6796543402074,5.28464825,100,0.63489,0.89743,12.018535410275,0.969680763989031,1.9557691617927,217.7,7.86759996414185,9.46710014343262,2349000,2004,105
CYP,18.7067106172636,5.28617016,100,\N,\N,16.1493707728876,0.038646965871603,2.03746960577729,275.3,13.1833000183105,14.6844997406006,2470000,2005,106
CYP,18.7067106172636,5.3085,100,\N,\N,18.0808827827403,0.0575103308979,1.89999762500297,316.3,8.92640018463135,11.1204996109009,2401000,2006,107
CYP,18.7067106172636,5.19121611,100,\N,\N,16.8158664868269,0.007631590458034,1.68459956211832,373.5,10.9640998840332,9.38500022888184,2416000,2007,108
CYP,18.7067106172636,6.01929897,100,\N,\N,19.6824998100777,0.004843163196471,1.62999656690523,463.4,8.67510032653809,9.37559986114502,2404000,2008,109
CYP,18.7056273092956,6.46461028,100,\N,\N,17.5710488289436,0.000397481076038,1.81701049560528,575.6,13.6211996078491,14.0008001327515,2141000,2009,110
CYP,18.7056273092956,6.27779476,100,\N,\N,20.1578835306411,0.002404145644269,1.86844092905349,633.6,15.930700302124,17.2168998718262,2173000,2010,111
CYP,18.7023806881595,6.59137905,100,\N,\N,25.0958378586503,0.013896236278344,1.74902659397217,677.6,\N,\N,2392000,2011,112
CYP,18.6991340670235,6.68578788,100,1.29749,1.32428,30.1777778254926,9.98726434427197E-06,1.65523200313601,758.8,28.7754993438721,26.6641006469727,2465000,2012,113
CYP,18.6969691024714,6.9036741,100,2.01944,1.55781,28.9476420813254,2.41479206266533E-05,1.59813773487584,934.7,41.1072006225586,36.7610015869141,2405000,2013,114
CYP,18.6937224813354,6.78616827,100,2.67076,1.84463,20.893888395542,0,1.5314613982744,867.9,37.4205017089844,34.597599029541,2441000,2014,115
CYP,18.6904758601993,6.8085447,100,1.53204,1.26015,17.4323671044351,11.8314989720748,1.66606371456811,891.8,34.7187995910645,31.1042003631592,2659000,2015,116
CYP,18.6872292390633,6.87966475,100,\N,\N,14.9931627661556,19.7021694453744,1.44433298597808,972.9,25.7833003997803,31.8066997528076,3187000,2016,117
CYP,\N,\N,100,\N,\N,17.4301018976631,31.529971081849,1.62751716003059,\N,27.0006999969482,22.9083995819092,3652000,2017,118
CYP,\N,\N,\N,\N,\N,20.2428816129844,41.553942234658,1.57216193491902,\N,24.9909992218018,16.1973991394043,\N,2018,119
CYP,\N,\N,\N,\N,\N,\N,\N,\N,\N,\N,\N,\N,2019,120
GRC,\N,\N,\N,\N,\N,\N,\N,4.85730295953435,\N,\N,\N,\N,1960,121
GRC,\N,\N,\N,\N,\N,\N,\N,4.24357000022985,\N,\N,\N,\N,1961,122
GRC,\N,\N,\N,\N,\N,7.29574286245445,0.235931211274031,4.04842971228294,\N,\N,\N,\N,1962,123
GRC,\N,\N,\N,\N,\N,8.74407299062954,0.217774948382581,3.82448463962285,\N,\N,\N,\N,1963,124
GRC,\N,\N,\N,\N,\N,6.95802735332393,0.167038600242176,3.57356211032106,\N,\N,\N,\N,1964,125
GRC,\N,\N,\N,\N,\N,8.42104424568545,0.043390286101675,3.49846492059281,\N,\N,\N,\N,1965,126
GRC,\N,\N,\N,\N,\N,7.38021542140451,0.853281436313466,3.58468738765907,\N,\N,\N,\N,1966,127
GRC,\N,\N,\N,\N,\N,7.93590791327721,0.964928074754644,4.34570766758805,\N,\N,\N,\N,1967,128
GRC,\N,\N,\N,\N,\N,7.21382459679438,1.29679140818098,4.69018026641258,\N,\N,\N,\N,1968,129
GRC,\N,\N,\N,\N,\N,7.44001593743027,0.995708195283852,4.78878606005897,\N,\N,\N,\N,1969,130
GRC,\N,\N,\N,\N,\N,6.87593859129212,0.997388102033511,4.19730219448359,\N,\N,\N,\N,1970,131
GRC,\N,\N,\N,8.07192039489746,8.15042018890381,7.31311549849624,0.91690298533417,4.11919917305914,\N,\N,\N,\N,1971,132
GRC,\N,\N,\N,7.78562021255493,7.526939868927,9.85477683612459,1.25176583177771,3.95652514491618,\N,\N,\N,\N,1972,133
GRC,\N,\N,\N,6.84598016738892,6.22597980499268,12.29373753462,13.992670721381,3.5177090640908,\N,\N,\N,\N,1973,134
GRC,\N,\N,\N,5.38895988464355,4.4822998046875,22.2196783787962,8.99636551061795,4.82446883464592,\N,\N,\N,\N,1974,135
GRC,\N,\N,\N,5.21550989151001,3.91970992088318,22.1379047741837,11.0389567979861,5.84732162220776,\N,\N,\N,\N,1975,136
GRC,\N,\N,\N,5.25138998031616,3.46111989021301,20.3894170388105,5.84506725133617,5.82922738415295,\N,\N,\N,\N,1976,137
GRC,\N,\N,\N,5.88713979721069,3.93084001541138,15.1934700441747,4.83685088100937,5.91853565442111,\N,\N,\N,\N,1977,138
GRC,\N,\N,\N,6.55478000640869,4.67492008209229,18.6707838168087,9.49980037438904,5.57544451249418,\N,\N,\N,\N,1978,139
GRC,\N,\N,\N,7.30204010009766,5.89017009735107,21.2190890481119,11.8388522280108,5.181248328693,\N,\N,\N,\N,1979,140
GRC,\N,\N,\N,8.61359977722168,7.91127014160156,23.393248787686,15.5502549514534,4.6608059951787,\N,\N,\N,\N,1980,141
GRC,\N,\N,\N,7.33780002593994,6.19545984268188,22.0197312159447,9.50595303250911,5.7357013089349,\N,10.8900003433228,18.1900005340576,\N,1981,142
GRC,\N,\N,\N,6.94519996643066,6.18173980712891,28.6755616911681,10.760141030846,5.62659345822855,\N,14.5699996948242,25.9899997711182,\N,1982,143
GRC,\N,\N,\N,6.14832019805908,5.29948997497559,27.4332301239913,6.92430807542213,5.17247666277713,\N,17.1173992156982,30.0629005432129,\N,1983,144
GRC,\N,\N,\N,6.18631982803345,5.3996901512146,27.3274507574841,10.1179256926154,4.83544433693963,\N,17.4151992797852,31.8470993041992,\N,1984,145
GRC,\N,\N,\N,6.26783990859985,5.55979013442993,29.5271440721108,12.0448757496871,4.69256693840525,\N,17.7381992340088,31.9783992767334,\N,1985,146
GRC,\N,\N,\N,7.15524005889893,6.47880983352661,17.430308151462,6.56149095395421,4.12801512211307,\N,15.9863004684448,34.2081985473633,\N,1986,147
GRC,\N,\N,\N,9.18933010101318,8.89171028137207,13.8351383533569,6.72279580016105,4.25552044841929,\N,17.5443000793457,33.8031997680664,\N,1987,148
GRC,\N,\N,\N,8.46121978759766,8.08386993408203,5.1032735300701,5.18583435383027,4.19823223061689,\N,17.0382995605469,35.9976997375488,\N,1988,149
GRC,\N,\N,\N,8.91228008270264,8.69954967498779,6.43212676308554,5.44062972863069,3.7658694645888,\N,17.0093994140625,34.0005989074707,\N,1989,150
GRC,25.5934833204034,\N,100,8.97041988372803,9.24559020996094,7.73339341471913,7.29539071737335,3.79826032707078,\N,15.09850025177,32.5908012390137,\N,1990,151
GRC,25.8277730889983,\N,100,9.27888965606689,9.46706008911133,9.67091820832505,8.92817302771019,3.484865109943,\N,\N,\N,\N,1991,152
GRC,26.0620628575931,\N,100,11.2009401321411,10.9084196090698,9.8145748321211,5.27121816451762,3.62980089042347,\N,17.2395992279053,34.168701171875,\N,1992,153
GRC,26.2963545202192,\N,100,12.7080001831055,12.6815099716187,10.6698933441478,7.8293724462084,3.60012469561704,\N,18.767599105835,36.0373992919922,\N,1993,154
GRC,26.530644288814,\N,100,12.9836196899414,13.0469799041748,9.84792468427965,10.3414353670645,3.58197232877289,\N,19.7751998901367,36.9338989257813,\N,1994,155
GRC,26.7649340574088,\N,100,12.2739200592041,10.3731002807617,7.2903676281609,6.51501287948026,3.17319019644845,\N,19.4235000610352,37.701301574707,10130000,1995,156
GRC,26.9992238260037,\N,100,11.916449546814,11.1588497161865,8.78977001455394,8.41898137432707,3.31191328182087,\N,21.488899230957,41.2929000854492,9233000,1996,157
GRC,27.2335135945985,\N,100,10.6198196411133,10.0891799926758,7.84611111052008,8.29914317695443,3.36586889039913,\N,22.1683006286621,40.5755004882813,10070000,1997,158
GRC,27.4678052572246,\N,100,3.26658010482788,2.65392994880676,7.36168738873863,6.77656991481242,3.53386881535161,\N,21.144100189209,39.4390983581543,10916000,1998,159
GRC,27.7020950258195,\N,100,2.37599992752075,1.89206004142761,5.55906723922712,9.10430247664292,3.36046994465272,\N,22.7838001251221,41.1576995849609,12164000,1999,160
GRC,27.9363847944143,7.24332552,100,1.03518,0.71812,13.4529273986506,14.6983331589142,3.46535532008881,\N,21.8575000762939,38.032398223877,13096000,2000,161
GRC,28.1706745630092,7.98783985,100,2.46557,2.16704,15.229138907572,11.1355047307153,3.25141285622817,\N,\N,\N,14057000,2001,162
GRC,28.404964331604,8.23378017,100,2.10429,2.63572,13.914493051997,8.44911870262567,3.07737457530621,\N,18.7264003753662,34.4525985717773,14180000,2002,163
GRC,28.63925599423,8.19821017,100,2.20105,2.93987,13.7690418594442,6.87849696539421,2.49389475249858,6680.5,17.8442001342773,34.859001159668,13969000,2003,164
GRC,28.8735457628249,7.93223791,100,2.02925,4.06869,12.7084834696182,6.8831944968803,2.60567252971209,7780.4,18.654899597168,35.0097999572754,13313000,2004,165
GRC,29.1078355314197,8.99658302,100,3.15617,4.98667,17.9214416359111,9.41329124395495,2.83659627711189,9248.9,18.8946990966797,34.193000793457,14765000,2005,166
GRC,29.3421253000146,8.96532608,100,3.22852,5.34046,19.17804458115,13.0345385967554,2.78341887026498,10684,17.581600189209,34.2458992004395,16039000,2006,167
GRC,29.5764150686094,9.06037384,100,3.48025,5.13022,15.2385834493501,12.1672056599186,2.67930592141264,11041,15.5104999542236,31.7015991210938,16165000,2007,168
GRC,29.8107067312355,9.38345982,100,\N,\N,21.628842143805,21.6409131371576,2.98305234467131,11774.1,16.8801002502441,28.3472003936768,15939000,2008,169
GRC,30.0449964998303,9.46849875,100,\N,\N,17.2047269380375,20.3237203854012,3.22484113782964,12118,19.5100002288818,33.282398223877,14915000,2009,170
GRC,30.2792862684251,9.56003701,100,1.92598,3.95511,24.5442635123468,26.0810292808281,2.727009925486,11954.3,26.8462009429932,40.309700012207,15007000,2010,171
GRC,30.51357603702,9.0980985,100,1.85981,3.73224,30.9275744703675,30.8728916395954,2.47694916546224,11967.4,38.8440017700195,51.5602989196777,16427000,2011,172
GRC,30.7478658056148,8.88281165,100,1.50772,3.06071,37.6134031958194,39.0076055194896,2.40769137499271,11980.5,48.4719009399414,63.0539016723633,15518000,2012,173
GRC,30.9821574682409,8.41445401,100,1.34259,2.83424,37.3046832955741,39.895648249608,2.35768125078197,11923.4,53.7713012695313,63.839298248291,17920000,2013,174
GRC,31.2164472368358,7.94998091,100,2.46224,3.47208,34.3731845123605,38.5017360240407,2.33358454907882,11752.7,47.3869018554688,58.1102981567383,22033000,2014,175
GRC,31.4507370054306,8.19431265,100,1.80709,2.57149,26.6937704543582,29.8503759745733,2.45094228552938,11195.8,45.2304992675781,54.9957008361816,23599000,2015,176
GRC,31.6850267740254,8.45429347,100,1.33805,1.70572,22.6858477717104,27.5197754805325,2.54306318620134,10725.4,44.3218994140625,50.7183990478516,24799000,2016,177
GRC,\N,\N,100,1.30273,1.19247,25.0096624985456,31.543778639886,2.51912140468631,\N,39.3250999450684,48.2047996520996,27194000,2017,178
GRC,\N,\N,\N,\N,\N,28.9785952699625,34.3557622220525,2.3852815561237,\N,36.4301986694336,43.923999786377,\N,2018,179
GRC,\N,\N,\N,\N,\N,\N,\N,\N,\N,\N,\N,\N,2019,180
ARG,\N,\N,\N,\N,\N,\N,\N,1.55,\N,\N,\N,\N,1960,181
ARG,\N,\N,\N,\N,\N,\N,\N,2.14,\N,\N,\N,\N,1961,182
ARG,\N,\N,\N,\N,\N,6.68857357014149,1.08084667297785,2.66,\N,\N,\N,\N,1962,183
ARG,\N,\N,\N,\N,\N,5.86968885291662,0.822615007036755,1.68,\N,\N,\N,\N,1963,184
ARG,\N,\N,\N,\N,\N,7.77962349786151,0.432268863276612,1.15,\N,\N,\N,\N,1964,185
ARG,\N,\N,\N,\N,\N,9.66091420309861,0.615568720804148,1.07,\N,\N,\N,\N,1965,186
ARG,\N,\N,\N,\N,\N,9.65126038939637,0.878622056994743,1.168,\N,\N,\N,\N,1966,187
ARG,\N,\N,\N,\N,\N,8.57236744868326,0.52525865800809,1.4,\N,\N,\N,\N,1967,188
ARG,\N,\N,\N,\N,\N,7.24694292585774,0.905895163072807,1.68571428571429,\N,\N,\N,\N,1968,189
ARG,\N,\N,\N,\N,\N,6.71862708602073,0.358795437503231,1.9375,\N,\N,\N,\N,1969,190
ARG,\N,\N,\N,5.83664989471436,3.87963008880615,4.74659497494675,0.429985457822026,1.87777777777778,\N,\N,\N,\N,1970,191
ARG,\N,\N,\N,\N,\N,6.68296794672083,0.488016438760078,1.80769230769231,\N,\N,\N,\N,1971,192
ARG,\N,\N,\N,\N,\N,3.76729881078164,0.322420189254759,1.82380952380952,\N,\N,\N,\N,1972,193
ARG,\N,\N,\N,\N,\N,7.58982608387925,0.17139838237626,1.84857142857143,\N,\N,\N,\N,1973,194
ARG,\N,\N,\N,3.08819007873535,3.67130994796753,14.5301665698237,0.314088278435944,1.65918367346939,\N,\N,\N,\N,1974,195
ARG,\N,\N,\N,3.44180989265442,3.90623998641968,13.2273460440194,0.494938171881615,2.04195804195804,\N,\N,\N,\N,1975,196
ARG,\N,\N,\N,\N,\N,17.6895275731992,0.503027415396397,3.78129117259552,\N,\N,\N,\N,1976,197
ARG,\N,\N,\N,\N,\N,16.397086069509,0.492338388911638,4.00860009555662,\N,\N,\N,\N,1977,198
ARG,\N,\N,\N,\N,\N,12.4396425343018,0.807152517079348,4.71914405808177,\N,\N,\N,\N,1978,199
ARG,\N,\N,\N,\N,\N,16.5660073634358,0.621535840198475,4.67335625570135,\N,\N,\N,\N,1979,200
ARG,\N,\N,\N,\N,\N,10.3040221977614,3.46428693193844,3.09895833333333,\N,\N,\N,\N,1980,201
ARG,\N,\N,\N,\N,\N,10.8347900313426,6.78099847731652,3.46534653465347,\N,\N,\N,\N,1981,202
ARG,\N,\N,\N,\N,\N,12.7741097946335,7.18794119964191,2.70455793520044,\N,\N,\N,\N,1982,203
ARG,\N,\N,\N,\N,\N,10.2882887862536,4.26583230217549,2.73881278538813,\N,\N,\N,\N,1983,204
ARG,\N,\N,\N,\N,\N,10.4209797805095,4.09102167401642,2.16203914428767,\N,\N,\N,\N,1984,205
ARG,\N,\N,\N,\N,\N,12.115361898229,7.30702352807232,2.29971724787936,\N,\N,\N,\N,1985,206
ARG,\N,\N,\N,\N,\N,8.9765296957437,2.24126011836166,2.31367874921125,\N,\N,\N,\N,1986,207
ARG,\N,\N,\N,\N,\N,11.41790619523,1.34305051014403,2.2843868799904,\N,\N,\N,\N,1987,208
ARG,\N,\N,\N,\N,\N,9.38884806249075,1.52476151062813,2.12493922313663,\N,\N,\N,\N,1988,209
ARG,\N,\N,\N,\N,\N,8.80371629042084,3.38706624491703,1.88036559239223,\N,\N,\N,\N,1989,210
ARG,12.7135335021504,\N,\N,\N,\N,8.06589256328871,7.80072480319031,1.45090921225786,\N,\N,\N,\N,1990,211
ARG,12.6063599526253,\N,\N,3.6588499546051,3.99286007881165,5.56786649302782,6.25608903655909,1.50692655529635,\N,\N,\N,\N,1991,212
ARG,12.4991864031001,\N,\N,\N,\N,2.88151639993662,8.72150832235398,1.42122223348777,\N,\N,\N,\N,1992,213
ARG,12.3920142809379,\N,\N,\N,\N,2.38812651741854,9.46493088206369,1.42280290057293,\N,\N,\N,\N,1993,214
ARG,12.2848407314128,\N,\N,\N,\N,2.88470663282979,10.4801528323628,1.45703853325047,\N,\N,\N,\N,1994,215
ARG,12.1776671818876,\N,\N,\N,\N,4.08456168237997,10.3725124364743,1.47307310721151,\N,\N,\N,2289000,1995,216
ARG,12.0704936323625,\N,\N,\N,\N,3.61148006913453,12.9969310881625,1.24122726437626,\N,\N,\N,2614000,1996,217
ARG,11.9633207965188,\N,\N,\N,\N,2.97865840553272,11.7351291393851,1.14013911131295,\N,\N,\N,2764000,1997,218
ARG,11.8561472469936,\N,\N,\N,\N,2.59006691287075,8.66746162854728,1.13631802186333,\N,\N,\N,3012000,1998,219
ARG,11.74897441115,\N,\N,\N,\N,2.74912059774593,12.2269435090564,1.22035954754993,\N,\N,\N,2898000,1999,220
ARG,11.6418008616248,8.46696453,\N,\N,\N,3.76054072276924,17.7384671777179,1.14882267666887,\N,\N,\N,2909000,2000,221
ARG,11.5194630077758,8.62096807,95.5110634674458,\N,\N,4.01569100584456,17.1285064658769,1.18423354187058,\N,\N,\N,2620000,2001,222
ARG,11.3971258676083,7.67272924,96.1091842651367,\N,\N,4.91378745253496,17.0886498951644,1.09188047859748,\N,\N,\N,2820000,2002,223
ARG,11.2747880137593,7.13188245,96.3805694580078,\N,\N,3.60811784906427,17.1227769210119,1.06089505704838,4588.4,\N,\N,2995000,2003,224
ARG,11.1524508735918,6.99268547,96.6278228759766,\N,\N,4.22195327329162,15.9935531189177,0.883295358833529,4700.7,25.6422996520996,34.3772010803223,3457000,2004,225
ARG,11.0301130197428,7.62903684,96.8490905761719,\N,\N,5.05184718872831,16.382920249897,0.847154783885961,5009.2,22.8861999511719,30.6436004638672,3823000,2005,226
ARG,10.9139142540807,7.56810123,97.0548706054688,\N,\N,4.78385864571225,15.4073746769171,0.788233877461469,5599.8,19.665599822998,29.1471004486084,4173000,2006,227
ARG,10.7977154884185,7.61793101,97.2587203979492,\N,\N,6.09731565577895,10.9939980823356,0.792548175031362,5755,\N,\N,4562000,2007,228
ARG,10.6815167227563,7.66306468,97.4742202758789,\N,\N,7.24701445453369,9.44740436504896,0.762756475390461,6356.5,16.5280990600586,22.2231998443604,4700000,2008,229
ARG,10.5653179570942,9.0087642,97.7149276733398,\N,\N,6.35628804826454,10.3415097360004,0.886508576686385,7017.4,18.8377990722656,24.6888008117676,4308000,2009,230
ARG,10.449119191432,8.61198493,98.82,\N,\N,7.94646974360173,8.12833646033273,0.814878105497939,7472.5,\N,\N,5325000,2010,231
ARG,10.3406667246747,8.39473866,99.3411865234375,\N,\N,12.7435117683987,6.11954466403882,0.764287094036749,7961.9,\N,\N,5705000,2011,232
ARG,10.2322149715989,8.40588238,99.6030960083008,\N,\N,12.9120912036547,6.3748516179103,0.784824721019786,8205.1,\N,\N,5587000,2012,233
ARG,10.1237625048416,8.37804641,99.5784072875977,\N,\N,16.2012006576393,4.75895352696464,0.837736430159436,8268.5,\N,\N,5246000,2013,234
ARG,10.0153107517658,8.23722377,100,\N,\N,16.6210818521325,4.75184712900839,0.878100919364039,8955.3,\N,\N,5931000,2014,235
ARG,9.90685828500853,8.74331517,99.8235778808594,\N,\N,11.0076253507316,2.6073350754452,0.850128583186764,8719.7,\N,\N,5736000,2015,236
ARG,9.79840581825125,7.54838404,99.9668807983398,\N,\N,8.46379412688274,2.57095659194167,0.813140077928875,8648.2,\N,\N,6655000,2016,237
ARG,\N,\N,100,\N,\N,8.22013900776217,2.86593067418752,0.856137916373543,\N,19.8635005950928,26.8971996307373,6720000,2017,238
ARG,\N,\N,\N,\N,\N,9.64059259694068,4.28610304651068,0.854560979237316,\N,20.8491992950439,27.7735996246338,\N,2018,239
ARG,\N,\N,\N,\N,\N,\N,\N,\N,\N,\N,\N,\N,2019,240
AUS,\N,\N,\N,\N,\N,\N,\N,2.3695451396906,\N,\N,\N,\N,1960,241
AUS,\N,\N,\N,\N,\N,\N,\N,2.41513985411521,\N,\N,\N,\N,1961,242
AUS,\N,\N,\N,\N,\N,\N,\N,2.36369536996971,\N,\N,\N,\N,1962,243
AUS,\N,\N,\N,\N,\N,10.8483874232196,3.09052904083863,2.44663463919568,\N,\N,\N,\N,1963,244
AUS,\N,\N,\N,\N,\N,9.34609706398347,2.7926183983889,2.64824279705097,\N,\N,\N,\N,1964,245
AUS,\N,\N,\N,\N,\N,8.45459169932244,3.14492325035777,2.952292961532,\N,\N,\N,\N,1965,246
AUS,\N,\N,\N,\N,\N,8.53879540091374,3.47381524557627,3.45138290370603,\N,\N,\N,\N,1966,247
AUS,\N,\N,\N,\N,\N,7.81773163638428,3.70859185590197,3.79376396722358,\N,\N,\N,\N,1967,248
AUS,\N,\N,\N,\N,\N,7.15245456889716,4.64352725082732,3.83727358459887,\N,\N,\N,\N,1968,249
AUS,\N,\N,\N,\N,\N,7.38003373400355,4.84659354267146,3.38591988002192,\N,\N,\N,\N,1969,250
AUS,\N,\N,\N,\N,\N,5.46527779703175,5.58482448125533,2.96603557682305,\N,\N,\N,\N,1970,251
AUS,\N,\N,\N,3.57267999649048,3.33916997909546,4.76199262480909,6.42308667233811,2.76315170889944,\N,\N,\N,\N,1971,252
AUS,\N,\N,\N,\N,\N,4.69205550142506,6.33087039424475,2.68562060485785,\N,\N,\N,\N,1972,253
AUS,\N,\N,\N,5.28527021408081,4.38211011886597,4.10038856875892,6.31547716069807,2.37934679594664,\N,\N,\N,\N,1973,254
AUS,\N,\N,\N,5.95731019973755,4.96988010406494,8.41445426536129,8.83691948566639,2.26280269948392,\N,\N,\N,\N,1974,255
AUS,\N,\N,\N,2.92118000984192,2.50947999954224,9.76825231530898,11.8748666223208,2.26731559253735,\N,\N,\N,\N,1975,256
AUS,\N,\N,\N,1.74870002269745,1.64108002185822,9.56291321248907,12.7631582755407,2.21661210675248,\N,\N,\N,\N,1976,257
AUS,\N,\N,\N,\N,\N,10.0831542704835,13.6131302050502,2.24720220833707,\N,\N,\N,\N,1977,258
AUS,\N,\N,\N,\N,\N,9.08990615395269,14.1659177962979,2.21568856991058,\N,\N,\N,\N,1978,259
AUS,\N,\N,\N,\N,\N,10.6486044290596,12.2444724016882,2.19272937103289,\N,11.7273998260498,14.5073003768921,\N,1979,260
AUS,\N,\N,\N,\N,\N,13.8323785693989,11.1392639568292,2.24895690403517,\N,11.3520002365112,13.9314002990723,\N,1980,261
AUS,\N,\N,\N,\N,\N,13.5929587483048,16.0064029708026,2.29660194471064,\N,10.1808004379272,12.9294996261597,\N,1981,262
AUS,\N,\N,\N,0.874880015850067,0.940590023994446,14.4345421186465,18.2198286244814,2.39326521613692,\N,13.2793998718262,14.535400390625,\N,1982,263
AUS,\N,\N,\N,1.68031001091003,2.10103988647461,10.8284500845116,23.1569387056819,2.51981181916526,\N,19.3987007141113,17.0058994293213,\N,1983,264
AUS,\N,\N,\N,3.5703399181366,3.8292601108551,9.01294258499385,24.3570270548502,2.50523365070013,\N,17.5158996582031,15.9042997360229,\N,1984,265
AUS,\N,\N,\N,3.75554990768433,3.54526996612549,6.75661043416932,26.9110893271408,2.52326837870517,\N,15.5612001419067,14.681300163269,\N,1985,266
AUS,\N,\N,\N,3.20116996765137,2.7440299987793,4.62222734107976,22.8288802886391,2.54042975157867,\N,15.2676000595093,14.7917003631592,\N,1986,267
AUS,\N,\N,\N,2.75249004364014,2.08367991447449,4.86846365179559,20.9376950663451,2.37298883241393,\N,15.0387001037598,14.8123998641968,\N,1987,268
AUS,\N,\N,\N,2.14351010322571,1.3369300365448,4.0212501894179,17.3303171179896,2.16181488266294,\N,13.3736000061035,13.4603996276855,\N,1988,269
AUS,\N,\N,\N,2.0277099609375,1.22035002708435,5.13612533238595,17.3947472934034,2.0518275094775,\N,10.6586999893188,11.7121000289917,\N,1989,270
AUS,16.7320984600966,\N,100,2.31132006645203,1.72413003444672,5.69517799771699,21.4543622949434,2.07590585971773,\N,13.2295999526978,12.7847003936768,\N,1990,271
AUS,16.7360035406063,\N,100,2.8907299041748,2.31687998771667,6.04226712542442,23.1655807833329,2.16804285831077,\N,18.5606994628906,16.289400100708,\N,1991,272
AUS,16.7399086211161,\N,100,3.12208008766174,2.55128002166748,5.98069260771078,22.9997927356512,2.16874608012627,\N,20.765100479126,17.6312007904053,\N,1992,273
AUS,16.7438137016258,\N,100,3.51675009727478,2.99228000640869,6.24047201830529,22.172360684445,2.17802988646311,\N,19.7152996063232,17.2332992553711,\N,1993,274
AUS,16.7477187821356,\N,100,3.83478999137878,3.28289008140564,4.8827111424406,18.7253799565156,2.11659858893427,\N,17.4235000610352,16.2817993164063,\N,1994,275
AUS,16.7516238626453,\N,100,5.26507997512817,4.72938013076782,5.11362070539548,19.0525361232722,2.02131256804327,\N,15.5373001098633,14.8396997451782,3726000,1995,276
AUS,16.755528943155,\N,100,4.97566986083984,4.20281982421875,6.33863590940113,19.0643828678074,1.93044006740518,\N,16.4095993041992,14.8225002288818,4165000,1996,277
AUS,16.7594340236648,\N,100,5.55917978286743,4.44135999679565,6.12752010080825,19.6942110067911,1.86733439499343,\N,16.9305000305176,14.6635999679565,4318000,1997,278
AUS,16.7633391041745,\N,100,5.96870994567871,4.1433801651001,4.68047885726297,19.6559146597808,1.87112181310612,\N,15.315299987793,13.5401000976563,4167000,1998,279
AUS,16.7672441846843,\N,100,6.62279987335205,4.19388008117676,6.02161868275924,19.4221271486268,1.88923574072912,\N,13.7452001571655,12.4441995620728,4459000,1999,280
AUS,16.771149265194,7.61707773,100,6.92687,3.98992,8.42050720066741,21.8804271955872,1.82984191251005,\N,12.8937997817993,11.2320995330811,4931000,2000,281
AUS,16.7399086211161,7.69938881,100,\N,\N,8.92182232140182,21.6659619503603,1.87009387891872,\N,14.5937995910645,12.2868995666504,4856000,2001,282
AUS,16.7086679770381,7.89658743,100,\N,\N,7.55940900386143,21.6520962250402,1.87396462061393,\N,13.791600227356,11.7319002151489,4841000,2002,283
AUS,16.6774273329602,7.91207047,100,3.9985,0.91408,8.13670310991808,20.9431939577436,1.84628968871455,24849.7,12.6077995300293,11.2827997207642,4746000,2003,284
AUS,16.6461866888822,8.11845983,100,3.49443,0.62384,9.49547695139928,21.2923076184642,1.82741076940486,26946.4,11.8464002609253,10.8703002929688,5215000,2004,285
AUS,16.6149460448043,7.99579299,100,\N,\N,11.3745664786045,26.7318968496987,1.80185377485481,31031.7,10.8854999542236,10.3414001464844,5499000,2005,286
AUS,16.4996160004165,8.000101,100,\N,\N,13.71145386531,25.4868889907154,1.82184284558172,33100.4,10.5516004562378,9.47259998321533,5532000,2006,287
AUS,16.3842859560288,8.07836906,100,\N,\N,13.3885093935002,24.4223209039362,1.81459966869133,35798.6,9.47630023956299,9.24779987335205,5644000,2007,288
AUS,16.268955911641,8.26794704,100,\N,\N,16.3122876211282,34.2671745411701,1.79723901240042,36822.3,9.01700019836426,8.6008996963501,5586000,2008,289
AUS,16.1536258672533,8.57721647,100,\N,\N,13.2626108831191,31.9820388517411,1.92917969094082,38996.2,12.4820995330811,10.3509998321533,5490000,2009,290
AUS,16.0382958228655,8.44516726,100,\N,\N,14.035724868514,30.8231997713788,1.86239977396025,41564.9,11.9465999603271,11.1265001296997,5790000,2010,291
AUS,16.0783879827656,8.55670577,100,2.72291,1.89984,17.4322294330843,29.8832863360716,1.76938986414435,44378.3,11.9399995803833,10.7838001251221,5771000,2011,292
AUS,16.1184801426656,8.68936294,100,2.36411,1.64368,17.3021008522649,30.3574429630395,1.67991735762004,46386.8,12.4558000564575,10.9567003250122,6032000,2012,293
AUS,16.1585723025656,8.77363922,100,\N,\N,17.8030441028673,27.3231262249881,1.64953307597667,49921.9,13.0410995483398,11.3562002182007,6482000,2013,294
AUS,16.1986644624657,9.05467885,100,\N,\N,16.1098007768259,28.0194092465881,1.78129495506829,52643.6,14.1099004745483,12.4702997207642,6922000,2014,295
AUS,16.2387566223657,9.33006717,100,\N,\N,11.0582208728877,26.8644158232804,1.95845125365234,52147.9,14.2405996322632,11.9148998260498,7450000,2015,296
AUS,16.2582780595994,9.25209201,100,\N,\N,9.59306216859565,27.6539209096296,2.09284952414869,51068.2,13.8185997009277,11.3992004394531,8269000,2016,297
AUS,\N,\N,100,0.34059,0.29469,10.5978783005391,32.0314211730723,2.00796639339341,\N,13.6485996246338,11.4695997238159,8815000,2017,298
AUS,\N,\N,\N,\N,\N,13.5990848790193,24.4488906989143,1.89155976713945,\N,12.8269996643066,10.6740999221802,\N,2018,299
AUS,\N,\N,\N,\N,\N,\N,\N,\N,\N,\N,\N,\N,2019,300
BGR,\N,\N,\N,\N,\N,\N,\N,\N,\N,\N,\N,\N,1960,301
BGR,\N,\N,\N,\N,\N,\N,\N,\N,\N,\N,\N,\N,1961,302
BGR,\N,\N,\N,\N,\N,\N,\N,\N,\N,\N,\N,\N,1962,303
BGR,\N,\N,\N,\N,\N,\N,\N,\N,\N,\N,\N,\N,1963,304
BGR,\N,\N,\N,\N,\N,\N,\N,\N,\N,\N,\N,\N,1964,305
BGR,\N,\N,\N,\N,\N,\N,\N,\N,\N,\N,\N,\N,1965,306
BGR,\N,\N,\N,\N,\N,\N,\N,\N,\N,\N,\N,\N,1966,307
BGR,\N,\N,\N,\N,\N,\N,\N,\N,\N,\N,\N,\N,1967,308
BGR,\N,\N,\N,\N,\N,\N,\N,\N,\N,\N,\N,\N,1968,309
BGR,\N,\N,\N,\N,\N,\N,\N,\N,\N,\N,\N,\N,1969,310
BGR,\N,\N,\N,\N,\N,\N,\N,\N,\N,\N,\N,\N,1970,311
BGR,\N,\N,\N,\N,\N,\N,\N,\N,\N,\N,\N,\N,1971,312
BGR,\N,\N,\N,\N,\N,\N,\N,\N,\N,\N,\N,\N,1972,313
BGR,\N,\N,\N,\N,\N,\N,\N,\N,\N,\N,\N,\N,1973,314
BGR,\N,\N,\N,\N,\N,\N,\N,\N,\N,\N,\N,\N,1974,315
BGR,\N,\N,\N,\N,\N,\N,\N,\N,\N,\N,\N,\N,1975,316
BGR,\N,\N,\N,\N,\N,\N,\N,\N,\N,\N,\N,\N,1976,317
BGR,\N,\N,\N,\N,\N,\N,\N,\N,\N,\N,\N,\N,1977,318
BGR,\N,\N,\N,\N,\N,\N,\N,\N,\N,\N,\N,\N,1978,319
BGR,\N,\N,\N,\N,\N,\N,\N,\N,\N,\N,\N,\N,1979,320
BGR,\N,\N,\N,\N,\N,\N,\N,\N,\N,\N,\N,\N,1980,321
BGR,\N,\N,\N,\N,\N,\N,\N,\N,\N,\N,\N,\N,1981,322
BGR,\N,\N,\N,\N,\N,\N,\N,\N,\N,\N,\N,\N,1982,323
BGR,\N,\N,\N,\N,\N,\N,\N,\N,\N,\N,\N,\N,1983,324
BGR,\N,\N,\N,\N,\N,\N,\N,\N,\N,\N,\N,\N,1984,325
BGR,\N,\N,\N,\N,\N,\N,\N,\N,\N,\N,\N,\N,1985,326
BGR,\N,\N,\N,\N,\N,\N,\N,\N,\N,\N,\N,\N,1986,327
BGR,\N,\N,\N,\N,\N,\N,\N,\N,\N,\N,\N,\N,1987,328
BGR,\N,\N,\N,\N,\N,\N,\N,\N,\N,\N,\N,\N,1988,329
BGR,\N,\N,\N,\N,\N,\N,\N,4.39627074963996,\N,\N,\N,\N,1989,330
BGR,30.0732170297388,\N,100,\N,\N,\N,\N,3.83344348975545,\N,\N,\N,\N,1990,331
BGR,30.1166053405779,\N,100,\N,\N,\N,\N,3.04323157297492,\N,\N,\N,\N,1991,332
BGR,30.1599936514169,\N,100,\N,\N,36.0143426504213,\N,2.97263384321224,\N,\N,\N,\N,1992,333
BGR,30.2033797554348,\N,100,\N,\N,\N,\N,2.60927161179391,\N,\N,\N,\N,1993,334
BGR,30.2467680662739,\N,100,\N,\N,\N,\N,2.49261728620574,\N,\N,\N,\N,1994,335
BGR,30.2901563771129,\N,100,\N,\N,\N,\N,2.37413128378025,\N,\N,\N,3466000,1995,336
BGR,30.333544687952,\N,100,4.90341997146606,7.28647994995117,33.816661426171,6.50696256617529,2.40293410901733,\N,\N,\N,2795000,1996,337
BGR,30.376932998791,\N,100,4.21412992477417,5.81603002548218,30.4835279166159,7.584331300189,2.4307013549238,\N,\N,\N,2980000,1997,338
BGR,30.4203191028089,\N,100,1.13418996334076,4.01035976409912,21.8454590265914,6.23316374708581,2.45305914743146,\N,\N,\N,2667000,1998,339
BGR,30.463707413648,\N,100,1.08123004436493,2.80779004096985,20.0107727421622,6.9899484369965,2.64517195633853,\N,\N,\N,2472000,1999,340
BGR,30.507095724487,5.8708527,100,1.54748,3.22908,4.65340314364716,11.6548374408334,2.6711704653623,\N,36.0970993041992,29.6282997131348,2785000,2000,341
BGR,31.0060557820833,6.91216546,100,1.56714,3.20766,5.05836946094608,8.94958644454003,2.88446138699667,\N,\N,\N,3186000,2001,342
BGR,32.0349255730124,7.13596914,100,3.14689,3.80535,3.42300682948119,5.99077639381183,2.80125964985142,\N,38.9598999023438,31.4831008911133,3433000,2002,343
BGR,32.5512558394433,7.25556114,100,3.2071,3.43896,3.96799557293617,5.79492766085638,2.71202074866405,1688.9,29.4207992553711,24.0564002990723,4048000,2003,344
BGR,33.0617878707993,6.94398137,100,2.65402,2.829,3.9757072037907,7.97780074282023,2.50694613629339,1794.9,24.9916000366211,23.7821998596191,4630000,2004,345
BGR,33.6064064801178,6.94420055,100,3.9054,4.05475,5.39091570257278,10.3687074536803,2.36007701439325,2020.2,23.3521003723145,21.0356998443604,4837000,2005,346
BGR,33.7678353233166,6.57317955,100,2.74826,3.24201,5.31345277754441,13.2759102187825,2.2003376419051,1928.2,18.8906002044678,20.2754993438721,5158000,2006,347
BGR,33.9324178468258,6.15947624,100,\N,\N,19.7174981947111,14.6091797247425,2.32415308098084,2483.3,14.4701995849609,15.9376001358032,5151000,2007,348
BGR,34.0907844365735,6.29068295,100,\N,\N,21.8606514781352,16.0678359650268,1.90774998001879,2356.5,13.7206001281738,11.3675003051758,5780000,2008,349
BGR,34.2649230732142,6.61345274,100,\N,\N,20.1773560111423,12.6008425258489,1.85652343010666,2552,17.7719993591309,13.8250999450684,5739000,2009,350
BGR,34.4233603537214,7.10581466,100,\N,\N,22.2083550419024,13.2981179530303,1.76538430443624,2599.1,23.2119007110596,20.097900390625,6047000,2010,351
BGR,34.5817976342288,7.1348085,100,\N,\N,23.0409192270395,13.1012697927401,1.44380251916793,2554,26.0030002593994,23.6233005523682,6328000,2011,352
BGR,34.7402349147361,7.59439374,100,2.58026,2.49709,24.8464092247235,16.2100134329923,1.49816415469114,2733,29.5189990997314,25.9990997314453,6541000,2012,353
BGR,34.8986744441438,7.84915068,100,4.4148,4.42006,23.0471815892569,14.7517877258064,1.61922964685378,2753.4,30.2003002166748,25.6646995544434,6898000,2013,354
BGR,35.0571117246512,8.51112283,100,5.96101,5.57988,19.2983574132861,11.1661749955669,1.47093871046122,2744.4,23.7975006103516,23.7413997650146,7311000,2014,355
BGR,35.2155490051584,8.20309288,100,7.72917,7.89983,14.9744754519553,9.05919707167197,1.31639600578808,2605.3,21.2437992095947,22.2574005126953,7099000,2015,356
BGR,35.3739862856658,8.23011604,100,10.05317,10.46351,12.0371680746775,8.24094835678251,1.41931368491844,2558.7,17.4258995056152,16.9139995574951,8252000,2016,357
BGR,\N,\N,100,\N,\N,13.878345945012,9.15825401534541,1.42170625732142,\N,13.2503004074097,12.4468002319336,8883000,2017,358
BGR,\N,\N,\N,\N,\N,13.423141892438,8.13638271469946,1.68843232372019,\N,13.1964998245239,11.8886003494263,\N,2018,359
BGR,\N,\N,\N,\N,\N,\N,\N,\N,\N,\N,\N,\N,2019,360
CHL,\N,\N,\N,\N,\N,\N,\N,3.11840562719812,\N,\N,\N,\N,1960,361
CHL,\N,\N,\N,\N,\N,\N,\N,3.52744729701524,\N,\N,\N,\N,1961,362
CHL,\N,\N,\N,\N,\N,6.481773392743,0.007005697837268,3.04370907803929,\N,\N,\N,\N,1962,363
CHL,\N,\N,\N,\N,\N,4.90963901849357,0.007084787118808,2.86539572501444,\N,\N,\N,\N,1963,364
CHL,\N,\N,\N,\N,\N,5.28701473661636,0.008932181995912,2.63518659558264,\N,\N,\N,\N,1964,365
CHL,\N,\N,\N,\N,\N,5.75296234753332,0.006759487856612,2.88571273300364,\N,\N,\N,\N,1965,366
CHL,\N,\N,\N,\N,\N,6.02487553332821,0.005517419361775,2.73592085235921,\N,\N,\N,\N,1966,367
CHL,\N,\N,\N,\N,\N,8.43980587499489,0.130004738213693,2.71363263392334,\N,\N,\N,\N,1967,368
CHL,\N,\N,\N,\N,\N,6.25632171368791,0.096766082353247,2.52706817797327,\N,\N,\N,\N,1968,369
CHL,\N,\N,\N,\N,\N,7.27515526404757,0.064735434419566,2.26089998688066,\N,\N,\N,\N,1969,370
CHL,\N,\N,\N,\N,\N,6.20476042580997,0.033853483846929,4.45045063352876,\N,\N,\N,\N,1970,371
CHL,\N,\N,\N,\N,\N,9.10079621822146,0.097130294428332,6.26481544192347,\N,\N,\N,\N,1971,372
CHL,\N,\N,\N,\N,\N,9.09507604245672,0.328018082498686,6.62541419500109,\N,\N,\N,\N,1972,373
CHL,\N,\N,\N,\N,\N,7.30935192321849,0.207779303000612,6.28382090072808,\N,\N,\N,\N,1973,374
CHL,\N,\N,\N,\N,\N,14.286116055073,0.804363270807223,7.10956116396779,\N,\N,\N,\N,1974,375
CHL,\N,\N,\N,\N,\N,19.7836997848566,0.865672508286935,6.74253666077988,\N,\N,\N,\N,1975,376
CHL,\N,\N,\N,\N,\N,11.7640843454677,1.56846416353669,6.08505082532873,\N,\N,\N,\N,1976,377
CHL,\N,\N,\N,\N,\N,20.0497927030284,2.74066899511564,6.91524481356639,\N,\N,\N,\N,1977,378
CHL,\N,\N,\N,\N,\N,16.7896504824567,1.69888367357527,6.7281223205458,\N,\N,\N,\N,1978,379
CHL,\N,\N,\N,\N,\N,21.2230423762998,1.2974718095403,6.33255633255633,\N,\N,\N,\N,1979,380
CHL,\N,\N,\N,\N,\N,18.4388819370247,1.29609619297805,6.48209286969784,\N,\N,\N,\N,1980,381
CHL,\N,\N,\N,\N,\N,14.6108189803502,1.80077741297323,7.02211888902853,\N,\N,\N,\N,1981,382
CHL,\N,\N,\N,\N,\N,18.5436625390784,1.99386479617839,8.87726773839499,\N,\N,\N,\N,1982,383
CHL,\N,\N,\N,\N,\N,21.0178463879291,1.58310564973858,7.57522260240995,\N,23.6100006103516,27.0200004577637,\N,1983,384
CHL,\N,\N,\N,\N,\N,18.5498138889812,1.26268590871573,7.6054061762236,\N,\N,\N,\N,1984,385
CHL,\N,\N,\N,\N,\N,19.2893323779678,0.473205281265727,6.90060861105455,\N,\N,\N,\N,1985,386
CHL,\N,\N,\N,\N,\N,13.4164702724151,0.061812823182409,6.28800219933844,\N,16.5300006866455,18.8999996185303,\N,1986,387
CHL,\N,\N,\N,\N,\N,12.3184384942821,0.140397222231175,5.63807107493349,\N,\N,\N,\N,1987,388
CHL,\N,\N,\N,\N,\N,12.2572207436562,0.177333695272516,4.13999607967718,\N,12.539999961853,18.0100002288818,\N,1988,389
CHL,\N,\N,\N,\N,\N,12.4096248767325,0.315104482416613,3.59002950895468,\N,12.25,15.3199996948242,\N,1989,390
CHL,20.5276966674057,\N,92.257427,\N,\N,15.6845041691538,0.524346654935013,3.40165485912065,\N,\N,\N,\N,1990,391
CHL,20.6044917575634,\N,94.6276092529297,\N,\N,14.9525646153527,0.529735895700223,2.8498427672956,\N,11.539999961853,15.2200002670288,\N,1991,392
CHL,20.6812881611313,\N,94.560057,\N,\N,11.6041151850242,0.346493194502578,2.62851046938573,\N,\N,\N,\N,1992,393
CHL,20.758083251289,\N,95.1183547973633,\N,\N,10.024216156149,0.183295774896879,2.70692293725521,\N,10.3299999237061,12.1300001144409,\N,1993,394
CHL,20.8348796548568,\N,95.3659896850586,\N,\N,9.87073824275448,0.215281812347618,2.59754498264789,\N,\N,\N,\N,1994,395
CHL,20.9116747450146,\N,95.616340637207,\N,\N,8.97416380898041,0.257033958131183,2.56206462916649,\N,\N,\N,1540000,1995,396
CHL,20.9884698351723,\N,95.617315,\N,\N,10.9560578409257,0.192394682618461,2.44932089847955,\N,\N,\N,1450000,1996,397
CHL,21.0652662387401,\N,96.1288223266602,\N,\N,10.0132012987659,0.307864737218631,2.49820192394138,\N,14.3000001907349,23.5629997253418,1644000,1997,398
CHL,21.1420613288979,\N,97.241124,\N,\N,8.78617146694975,0.398531330713955,2.58983722621321,\N,\N,\N,1759000,1998,399
CHL,21.2188577324657,\N,96.6552581787109,\N,\N,13.4473972258807,0.443291854875806,2.7136315935113,\N,22.0300006866455,31.9939994812012,1632000,1999,400
CHL,21.2956528226234,7.03517653,97.938687,\N,\N,18.1795525268704,1.13742297437723,2.70328204639642,\N,\N,\N,1742000,2000,401
CHL,21.3516014672367,7.15104141,97.1640090942383,\N,\N,16.9641202852409,1.4762677929022,2.66749517320965,\N,21.8640003204346,29.9130001068115,1723000,2001,402
CHL,21.4075514252601,7.26602369,97.3994293212891,\N,\N,16.4770005665889,1.21023392714622,2.5520930910302,\N,21.9519996643066,31.0510005950928,1412000,2002,403
CHL,21.4635000698734,7.3333044,98.782325,\N,\N,19.0602492463673,2.90397443268148,2.73384321223709,2063.5,\N,\N,1614000,2003,404
CHL,21.5194500278968,6.90114757,97.8077239990234,\N,\N,20.7036399097139,2.27832856714438,2.70797513556408,2284.4,20.2129993438721,31.42799949646,1785000,2004,405
CHL,21.5753986725101,6.58871514,97.9738235473633,\N,\N,21.8598184091334,2.83389285279495,2.52150287673621,2513.5,18.7670001983643,30.5470008850098,2027000,2005,406
CHL,21.6262368383171,6.0351678,99.368108,\N,\N,15.8137721641112,2.45616799059412,2.49083177991398,3122.3,\N,\N,2253000,2006,407
CHL,21.6770750041241,6.17537454,98.2731170654297,2.66456,3.57616,26.0964292728905,1.86914856612691,2.31880220228835,3401,18.136999130249,26.7630004882813,2507000,2007,408
CHL,21.7279144833412,6.74047957,98.4334487915039,2.07327,3.20654,28.5613283043404,2.40879338778166,2.5858318761462,3909.1,19.9109992980957,29.5599994659424,2710000,2008,409
CHL,21.7787526491482,7.20918362,99.593662,3.83059,4.4754,23.3853155647812,1.48657333070881,2.26703956909053,4162.5,\N,\N,2760000,2009,410
CHL,21.8295908149552,6.77489384,99.2451629638672,2.65926,3.00832,22.0923621446223,0.953082836445803,2.2422354113728,4314.1,17.141300201416,21.9990005493164,2801000,2010,411
CHL,22.2341474024425,6.771789,99.588193,3.08526,3.65164,24.3597565341655,1.14027749138465,2.25604304567862,4718.3,\N,\N,3137000,2011,412
CHL,22.6387013631096,7.02092081,100,3.25296,3.77238,22.5259260227299,1.01423170260767,2.04694163472049,5256,14.7812004089355,19.5527000427246,3554000,2012,413
CHL,23.0432579505969,7.44478367,99.6,3.70203,4.20076,21.4760402712225,1.0148822809542,1.9864194739788,5358.3,\N,\N,3576000,2013,414
CHL,23.4478119112639,7.80602661,100,3.62927,4.18039,20.9613892978094,0.933984283117744,1.95820763854893,6182.4,14.8879995346069,20.125,3674000,2014,415
CHL,23.8523684987512,8.29995557,99.714844,3.42285,3.99965,14.1127218536101,0.775101209304919,1.89786171068151,6515.1,\N,\N,4478000,2015,416
CHL,24.2569250862385,8.52893972,100,2.80456,3.3311,13.0590935072633,0.804129826863638,1.91848330067582,6745.9,14.7051000595093,17.9598999023438,5641000,2016,417
CHL,\N,\N,100,1.98306,2.56709,15.1075301666207,0.927649817975043,1.93561273288572,\N,\N,\N,6450000,2017,418
CHL,\N,\N,\N,\N,\N,16.5946502182584,0.897962490449269,1.88738394618685,\N,16.701000213623,20.2038993835449,\N,2018,419
CHL,\N,\N,\N,\N,\N,\N,\N,\N,\N,\N,\N,\N,2019,420
CUB,\N,\N,\N,\N,\N,\N,\N,\N,\N,\N,\N,\N,1960,421
CUB,\N,\N,\N,\N,\N,\N,\N,\N,\N,\N,\N,\N,1961,422
CUB,\N,\N,\N,\N,\N,\N,\N,\N,\N,\N,\N,\N,1962,423
CUB,\N,\N,\N,\N,\N,\N,\N,\N,\N,\N,\N,\N,1963,424
CUB,\N,\N,\N,\N,\N,\N,\N,\N,\N,\N,\N,\N,1964,425
CUB,\N,\N,\N,\N,\N,\N,\N,\N,\N,\N,\N,\N,1965,426
CUB,\N,\N,\N,\N,\N,\N,\N,\N,\N,\N,\N,\N,1966,427
CUB,\N,\N,\N,\N,\N,\N,\N,\N,\N,\N,\N,\N,1967,428
CUB,\N,\N,\N,\N,\N,\N,\N,\N,\N,\N,\N,\N,1968,429
CUB,\N,\N,\N,\N,\N,\N,\N,\N,\N,\N,\N,\N,1969,430
CUB,\N,\N,\N,\N,\N,\N,\N,\N,\N,\N,\N,\N,1970,431
CUB,\N,\N,\N,\N,\N,\N,\N,\N,\N,\N,\N,\N,1971,432
CUB,\N,\N,\N,5.81537008285522,6.46445989608765,\N,\N,\N,\N,\N,\N,\N,1972,433
CUB,\N,\N,\N,4.14576005935669,5.5806999206543,\N,\N,\N,\N,\N,\N,\N,1973,434
CUB,\N,\N,\N,3.15172004699707,4.90529012680054,\N,\N,\N,\N,\N,\N,\N,1974,435
CUB,\N,\N,\N,\N,\N,\N,\N,\N,\N,\N,\N,\N,1975,436
CUB,\N,\N,\N,\N,\N,\N,\N,\N,\N,\N,\N,\N,1976,437
CUB,\N,\N,\N,\N,\N,\N,\N,\N,\N,\N,\N,\N,1977,438
CUB,\N,\N,\N,\N,\N,\N,\N,\N,\N,\N,\N,\N,1978,439
CUB,\N,\N,\N,\N,\N,\N,\N,\N,\N,\N,\N,\N,1979,440
CUB,\N,\N,\N,0.865149974822998,3.63115000724792,\N,\N,\N,\N,\N,\N,\N,1980,441
CUB,\N,\N,\N,4.29243993759155,5.58161020278931,\N,\N,\N,\N,\N,\N,\N,1981,442
CUB,\N,\N,\N,6.16423988342285,6.71160984039307,\N,\N,\N,\N,\N,\N,\N,1982,443
CUB,\N,\N,\N,6.34213018417358,6.91771984100342,\N,\N,\N,\N,\N,\N,\N,1983,444
CUB,\N,\N,\N,8.56721019744873,7.89109992980957,\N,\N,\N,\N,\N,\N,\N,1984,445
CUB,\N,\N,\N,9.95042991638184,9.94968032836914,\N,\N,\N,\N,\N,\N,\N,1985,446
CUB,\N,\N,\N,9.38144969940186,9.70582008361816,\N,\N,\N,\N,\N,\N,\N,1986,447
CUB,\N,\N,\N,7.55872011184692,8.26278018951416,\N,\N,\N,\N,\N,\N,\N,1987,448
CUB,\N,\N,\N,7.36981010437012,8.63214015960693,\N,\N,\N,\N,\N,\N,\N,1988,449
CUB,\N,\N,\N,7.23584985733032,8.32297039031982,32.4206620070507,\N,\N,\N,\N,\N,\N,1989,450
CUB,19.1620111731844,\N,\N,8.03835010528564,8.10441017150879,\N,\N,\N,\N,\N,\N,\N,1990,451
CUB,19.5130349271125,\N,\N,8.45919036865234,8.28096008300781,\N,\N,\N,\N,\N,\N,\N,1991,452
CUB,19.8640586810405,\N,\N,6.37090015411377,5.75909996032715,\N,\N,\N,\N,\N,\N,\N,1992,453
CUB,20.2150847081588,\N,\N,5.42856979370117,4.96905994415283,\N,\N,\N,\N,\N,\N,\N,1993,454
CUB,20.5661084620869,\N,\N,3.10840010643005,2.75336003303528,\N,\N,\N,\N,\N,\N,\N,1994,455
CUB,20.9171322160149,\N,\N,3.3435800075531,2.85733008384705,\N,\N,\N,\N,\N,\N,742000,1995,456
CUB,21.268155969943,\N,\N,0.952610015869141,1.44933998584747,\N,\N,\N,\N,\N,\N,999000,1996,457
CUB,21.619179723871,\N,\N,1.0694899559021,1.76047003269196,\N,\N,\N,\N,\N,\N,1153000,1997,458
CUB,21.9702057509893,\N,\N,1.10836005210876,1.6229499578476,\N,\N,\N,\N,\N,\N,1390000,1998,459
CUB,22.3212295049174,\N,\N,0.272260010242462,0.985620021820068,16.6899382803145,1.26890945289069,\N,\N,\N,\N,1561000,1999,460
CUB,22.6722532588454,6.58082967,97,0.04002,0.85477,23.9418216767294,3.12566921196918,\N,\N,\N,\N,1741000,2000,461
CUB,23.1601480665154,6.97944519,96.2282867431641,\N,\N,20.1950164185127,1.48599154938067,\N,\N,\N,\N,1736000,2001,462
CUB,23.8725448710229,7.11155879,95.5,\N,\N,20.8361038477151,0.401735621062387,\N,\N,\N,\N,1656000,2002,463
CUB,24.3627814959763,7.09771076,96.6295471191406,1.28504,1.6599,21.6086271941875,1.50017249789205,\N,767.1,\N,\N,1847000,2003,464
CUB,24.8529282741871,6.82610737,96.7964401245117,1.50012,2.2252,23.369107914372,0.500281623278336,\N,803.4,\N,\N,2017000,2004,465
CUB,25.3382187147689,8.75385175,96.9373550415039,2.70207,2.94088,26.0506294080744,0.849553496070746,\N,938.5,\N,\N,2261000,2005,466
CUB,25.7822042657146,8.27164137,97.0627746582031,4.01838,3.49991,0.106642039658165,0.001527245711394,\N,1228.5,\N,\N,2150000,2006,467
CUB,26.2213453588876,10.96638176,97.1862716674805,2.43177,3.4033,\N,\N,\N,1130,\N,\N,2119000,2007,468
CUB,26.662908680947,11.31446824,97.3214111328125,2.58665,3.41568,\N,\N,\N,1174.7,\N,\N,2316000,2008,469
CUB,27.1044720030064,12.29017512,97.4817581176758,1.1253,1.81149,\N,\N,3.38096005154639,1397.1,3.51999998092651,3.49000000953674,2405000,2009,470
CUB,27.5460353250658,10.68762349,97.6808929443359,0.48135,1.20506,\N,\N,3.32685611242383,1315.9,6.40999984741211,5.59000015258789,2507000,2010,471
CUB,27.9385769838371,11.3128656,97.9286651611328,1.02083,1.5061,\N,\N,3.08450500072474,1588.8,\N,\N,2688000,2011,472
CUB,28.5507598910791,9.29862453,98.2200622558594,1.94266,2.06832,\N,\N,3.93759997812444,1539.7,\N,\N,2823000,2012,473
CUB,29.6756865172532,10.4306951,98.5463638305664,1.89876,2.13967,\N,\N,3.51272878104423,1571.1,\N,\N,2839000,2013,474
CUB,30.2480282863271,12.14082739,98.8988342285156,5.02842,4.82563,\N,\N,3.53600476096013,1482.9,\N,\N,2981000,2014,475
CUB,30.763314747164,12.78461066,99.2687606811523,5.81407,6.02367,\N,\N,3.08379144526184,1341,\N,\N,3506000,2015,476
CUB,31.2786012080009,12.19122021,99.6474075317383,5.3814,5.55608,\N,\N,3.07212432964868,1044.7,\N,\N,3975000,2016,477
CUB,\N,\N,100,4.16502,4.4731,\N,\N,2.87240323946139,\N,\N,\N,4594000,2017,478
CUB,\N,\N,\N,1.98104,2.34023,\N,\N,\N,\N,\N,\N,\N,2018,479
CUB,\N,\N,\N,\N,\N,\N,\N,\N,\N,\N,\N,\N,2019,480
CZE,\N,\N,\N,\N,\N,\N,\N,\N,\N,\N,\N,\N,1960,481
CZE,\N,\N,\N,\N,\N,\N,\N,\N,\N,\N,\N,\N,1961,482
CZE,\N,\N,\N,\N,\N,\N,\N,\N,\N,\N,\N,\N,1962,483
CZE,\N,\N,\N,\N,\N,\N,\N,\N,\N,\N,\N,\N,1963,484
CZE,\N,\N,\N,\N,\N,\N,\N,\N,\N,\N,\N,\N,1964,485
CZE,\N,\N,\N,\N,\N,\N,\N,\N,\N,\N,\N,\N,1965,486
CZE,\N,\N,\N,\N,\N,\N,\N,\N,\N,\N,\N,\N,1966,487
CZE,\N,\N,\N,\N,\N,\N,\N,\N,\N,\N,\N,\N,1967,488
CZE,\N,\N,\N,\N,\N,\N,\N,\N,\N,\N,\N,\N,1968,489
CZE,\N,\N,\N,\N,\N,\N,\N,\N,\N,\N,\N,\N,1969,490
CZE,\N,\N,\N,\N,\N,\N,\N,\N,\N,\N,\N,\N,1970,491
CZE,\N,\N,\N,\N,\N,\N,\N,\N,\N,\N,\N,\N,1971,492
CZE,\N,\N,\N,\N,\N,\N,\N,\N,\N,\N,\N,\N,1972,493
CZE,\N,\N,\N,\N,\N,\N,\N,\N,\N,\N,\N,\N,1973,494
CZE,\N,\N,\N,\N,\N,\N,\N,\N,\N,\N,\N,\N,1974,495
CZE,\N,\N,\N,\N,\N,\N,\N,\N,\N,\N,\N,\N,1975,496
CZE,\N,\N,\N,\N,\N,\N,\N,\N,\N,\N,\N,\N,1976,497
CZE,\N,\N,\N,\N,\N,\N,\N,\N,\N,\N,\N,\N,1977,498
CZE,\N,\N,\N,\N,\N,\N,\N,\N,\N,\N,\N,\N,1978,499
CZE,\N,\N,\N,\N,\N,\N,\N,\N,\N,\N,\N,\N,1979,500
CZE,\N,\N,\N,\N,\N,\N,\N,\N,\N,\N,\N,\N,1980,501
CZE,\N,\N,\N,\N,\N,\N,\N,\N,\N,\N,\N,\N,1981,502
CZE,\N,\N,\N,\N,\N,\N,\N,\N,\N,\N,\N,\N,1982,503
CZE,\N,\N,\N,\N,\N,\N,\N,\N,\N,\N,\N,\N,1983,504
CZE,\N,\N,\N,\N,\N,\N,\N,\N,\N,\N,\N,\N,1984,505
CZE,\N,\N,\N,\N,\N,\N,\N,\N,\N,\N,\N,\N,1985,506
CZE,\N,\N,\N,\N,\N,\N,\N,\N,\N,\N,\N,\N,1986,507
CZE,\N,\N,\N,\N,\N,\N,\N,\N,\N,\N,\N,\N,1987,508
CZE,\N,\N,\N,\N,\N,\N,\N,\N,\N,\N,\N,\N,1988,509
CZE,\N,\N,\N,\N,\N,\N,\N,\N,\N,\N,\N,\N,1989,510
CZE,34.0235537724861,\N,100,\N,\N,\N,\N,\N,\N,\N,\N,\N,1990,511
CZE,34.0235537724861,\N,100,\N,\N,\N,\N,\N,\N,5.1399998664856,4.09000015258789,\N,1991,512
CZE,34.0235537724861,\N,100,\N,\N,\N,\N,\N,\N,\N,\N,\N,1992,513
CZE,34.0546124284166,\N,100,\N,\N,10.8868733665484,5.87478761656903,2.3304040663427,\N,6.96600008010864,10.5480003356934,\N,1993,514
CZE,34.0649663669196,\N,100,\N,\N,9.96790565474767,5.52991915539128,2.28340085763757,\N,7.8600001335144,9.8459997177124,\N,1994,515
CZE,34.0753203054225,\N,100,\N,\N,7.80844283526781,4.2311931662266,1.84362277299769,\N,7.16499996185303,8.70400047302246,3381000,1995,516
CZE,34.0856742439256,\N,100,\N,\N,8.71401994671661,4.49227901020457,1.73190468756652,\N,6.42000007629395,8.32900047302246,4558000,1996,517
CZE,34.0960281824285,\N,100,\N,\N,8.64933283453682,3.72141849954643,1.66204579070562,\N,6.76959991455078,7.20069980621338,4976000,1997,518
CZE,34.106378961353,\N,100,\N,\N,6.14709521601119,2.94172957686397,1.82593182035358,\N,9.28260040283203,12.7417001724243,5482000,1998,519
CZE,34.1167328998561,\N,100,\N,\N,6.51935079247357,2.80987118078849,1.85906992321232,\N,16.264799118042,16.9449005126953,5610000,1999,520
CZE,34.127086838359,5.71755317,100,\N,\N,9.60155313342892,2.98402341453243,1.87735695616487,\N,17.4489002227783,16.4491996765137,4773000,2000,521
CZE,34.1529701048272,5.88764748,100,\N,\N,9.00684781696922,2.93960020229452,1.75124955758828,\N,16.4274005889893,16.1674003601074,5405000,2001,522
CZE,34.1788533712955,6.19887241,100,\N,\N,13.5625527671215,3.95898406346975,1.82440696826275,\N,15.7042999267578,14.9840002059937,4743000,2002,523
CZE,34.2047366377637,6.55446573,100,\N,\N,7.41016935551064,2.8177498164222,1.8927640441762,6374.8,16.1791000366211,17.4521999359131,5076000,2003,524
CZE,34.2350504789024,6.38547255,100,\N,\N,6.5316515379105,2.69323704297398,1.71370317302129,7000.4,21.4200000762939,17.9174003601074,6061000,2004,525
CZE,34.2609370955216,6.38101044,100,\N,\N,6.51138012620434,2.87683562897592,1.79008377206134,8016.2,19.3428993225098,19.0510005950928,6336000,2005,526
CZE,34.2912621359223,6.19553143,100,\N,\N,8.89021352109313,2.70499754066325,1.57590615799713,8838.7,16.6226997375488,18.6734008789063,6435000,2006,527
CZE,34.3171521035599,6.01604855,100,\N,\N,7.79064141393778,2.57942810412166,1.43091473515,9988,10.5917997360229,10.9696998596191,6680000,2007,528
CZE,34.3430420711974,6.35973328,100,\N,\N,10.3106509036977,2.95760950583466,1.23821201023728,10649.1,9.83300018310547,9.93150043487549,6649000,2008,529
CZE,34.368932038835,7.29290504,100,\N,\N,9.1274250901201,3.55147246386409,1.31853707845672,11197.6,16.6088008880615,16.6965007781982,6032000,2009,530
CZE,34.3992749870533,6.92806211,100,\N,\N,9.48991824661121,3.65203723175905,1.20394027554572,12673.8,18.2436008453369,18.4776000976563,6334000,2010,531
CZE,34.4251683065769,6.97689183,100,0.53903,0.8547,10.0179322011945,3.76392695290334,1.08546999012087,13544.7,18.1476993560791,17.9610996246338,6715000,2011,532
CZE,34.4555224653632,7.02843525,100,0.51123,0.3486,10.3134736882814,3.78629197728245,1.07081138704484,13948.9,19.8617992401123,18.9974994659424,7647000,2012,533
CZE,34.4858844858845,7.8066952,100,1.19013,0.82711,9.55728918260565,2.9548773274136,1.02615145256566,14401.9,18.6452007293701,19.4489994049072,7852000,2013,534
CZE,34.5117845117845,7.65308523,100,0.86672,0.47994,8.14078356763326,2.64442651707964,0.973390214495888,15675,15.0424995422363,17.1014995574951,8096000,2014,535
CZE,34.5421577515866,7.24275683,100,\N,\N,6.49267503476712,2.94930637688671,0.95267770475673,16873.4,11.315299987793,14.4336996078491,8707000,2015,536
CZE,34.5635845635846,7.14959908,100,\N,\N,4.85682599860905,1.88104119323463,1.00216233674987,15963.1,9.90880012512207,11.4031000137329,9321000,2016,537
CZE,\N,\N,100,\N,\N,5.42042084803712,1.77528715656361,0.969085790261929,\N,7.39400005340576,8.74880027770996,10160000,2017,538
CZE,\N,\N,\N,\N,\N,6.05984255240885,1.9281042756583,1.12360570947245,\N,6.38619995117188,7.2007999420166,\N,2018,539
CZE,\N,\N,\N,\N,\N,\N,\N,\N,\N,\N,\N,\N,2019,540
DNK,\N,\N,\N,\N,\N,\N,\N,2.72887755602413,\N,\N,\N,\N,1960,541
DNK,\N,\N,\N,\N,\N,\N,\N,2.58681164503683,\N,\N,\N,\N,1961,542
DNK,\N,\N,\N,\N,\N,12.2191292780097,0.833170199873309,3.01827310409247,\N,\N,\N,\N,1962,543
DNK,\N,\N,\N,\N,\N,12.9577252336094,0.620245029692325,3.0415238937401,\N,\N,\N,\N,1963,544
DNK,\N,\N,\N,\N,\N,11.4188500665927,0.858935017950676,2.84291447082145,\N,\N,\N,\N,1964,545
DNK,\N,\N,\N,\N,\N,10.541682928957,1.08678411418024,2.83213773314204,\N,\N,\N,\N,1965,546
DNK,\N,\N,\N,\N,\N,10.7610178420436,1.3127274310633,2.63674969892882,\N,\N,\N,\N,1966,547
DNK,\N,\N,\N,\N,\N,10.5846792309738,1.32911677453093,2.58821092365411,\N,\N,\N,\N,1967,548
DNK,\N,\N,\N,\N,\N,11.5756363194554,1.51072461852921,2.67593414991841,\N,\N,\N,\N,1968,549
DNK,\N,\N,\N,\N,\N,10.1165219983428,1.90098233533572,2.39160763140253,\N,\N,\N,\N,1969,550
DNK,\N,\N,\N,\N,\N,10.4708962406317,2.50219176025164,2.42911996594156,\N,\N,\N,\N,1970,551
DNK,\N,\N,\N,\N,\N,12.1446767432091,2.26302723801499,2.36222218936224,\N,\N,\N,\N,1971,552
DNK,\N,\N,\N,\N,\N,10.9157889874824,2.0744096895936,2.17997334586636,\N,\N,\N,\N,1972,553
DNK,\N,\N,\N,\N,\N,10.6464379627622,2.16073736260747,1.97580758328422,\N,\N,\N,\N,1973,554
DNK,\N,\N,\N,\N,\N,19.1671775363211,3.749442497754,2.23484393156229,\N,\N,\N,\N,1974,555
DNK,\N,\N,\N,\N,\N,18.5969166309021,3.37491675794629,2.39724954226188,\N,\N,\N,\N,1975,556
DNK,\N,\N,\N,\N,\N,16.4328137100887,3.72679231800909,2.204203184792,\N,\N,\N,\N,1976,557
DNK,\N,\N,\N,\N,\N,16.8362722376508,3.20037957606709,2.21630312859212,\N,\N,\N,\N,1977,558
DNK,\N,\N,\N,\N,\N,15.5826425677457,2.55521431494396,2.27182119452819,\N,\N,\N,\N,1978,559
DNK,\N,\N,\N,\N,\N,19.5709972228179,3.91798161555123,2.25152737235981,\N,\N,\N,\N,1979,560
DNK,\N,\N,\N,\N,\N,22.4083585937092,3.44907721631446,2.36309252270559,\N,\N,\N,\N,1980,561
DNK,\N,\N,\N,4.63881015777588,4.40713977813721,24.0630834250137,3.21563223591704,2.43866639204741,\N,\N,\N,\N,1981,562
DNK,\N,\N,\N,3.80395007133484,3.59842991828918,22.5109913953302,2.57565986653207,2.41989502520681,\N,\N,\N,\N,1982,563
DNK,\N,\N,\N,2.1488299369812,1.84247004985809,19.5528447308752,4.99655012403045,2.36474287605693,\N,18.0751991271973,19.7569007873535,\N,1983,564
DNK,\N,\N,\N,0.999409973621368,1.07157003879547,18.1337370860509,5.1736281799646,2.23547072552978,\N,12.4173002243042,15.6534004211426,\N,1984,565
DNK,\N,\N,\N,1.46075999736786,0.974370002746582,17.2203969934297,5.47945775312831,2.10467210710106,\N,10.0468997955322,13.2435998916626,\N,1985,566
DNK,\N,\N,\N,1.26462996006012,1.37249004840851,8.84086951036253,3.12953981634673,1.94481923668799,\N,7.01179981231689,9.45820045471191,\N,1986,567
DNK,\N,\N,\N,1.26209998130798,1.01209998130798,7.87869641757734,2.97323486168388,2.0316474834314,\N,7.95300006866455,10.0322999954224,\N,1987,568
DNK,\N,\N,\N,1.19167995452881,0.849279999732971,6.3209630124226,2.20224275274232,2.0874706324154,\N,8.14080047607422,8.98550033569336,\N,1988,569
DNK,\N,\N,\N,2.34390997886658,2.05165004730225,7.20239147639578,2.99912038467205,2.02422013695156,\N,10.6930999755859,12.404899597168,\N,1989,570
DNK,12.8143432933954,\N,100,2.46409010887146,2.1587700843811,6.95300813559942,3.32620328565779,1.95075703504915,\N,11.4336996078491,11.6281995773315,\N,1990,571
DNK,12.914130518419,\N,100,1.80519998073578,1.68383002281189,5.29273526073523,3.63066906583402,1.95468015000635,\N,\N,\N,\N,1991,572
DNK,13.0016491431659,\N,100,2.47810006141663,2.66251993179321,4.77953908651436,3.4506636533631,1.88937728533689,\N,12.1337003707886,12.5536003112793,\N,1992,573
DNK,13.1013437343492,\N,100,2.91719007492065,3.16741991043091,5.05525625005242,2.97267086414879,1.9071976696874,\N,14.4851999282837,14.7365999221802,\N,1993,574
DNK,13.2010368870419,\N,100,1.20583999156952,1.42139005661011,4.18134202353249,2.50380169372927,1.77010988336089,\N,10.1605997085571,10.2011003494263,\N,1994,575
DNK,13.3007300397346,\N,100,1.88442003726959,1.55253005027771,3.35869334420061,2.60467625422087,1.6853146650741,\N,7.78779983520508,12.2802000045776,\N,1995,576
DNK,13.4004246309178,\N,100,1.79499995708466,1.91009998321533,3.85317036164946,4.3127663181833,1.64481665845606,\N,8.96920013427734,12.4285001754761,2125000,1996,577
DNK,13.5001177836105,\N,100,\N,\N,3.86628560661817,3.77020166406643,1.61596120506505,\N,6.60839986801147,9.92590045928955,2158000,1997,578
DNK,13.5998109363032,\N,100,\N,\N,2.88606801753897,2.76892441353538,1.60802638812534,\N,6.70100021362305,7.62290000915527,2073000,1998,579
DNK,13.6995055274864,\N,100,\N,\N,3.12497637850308,3.77993464489779,1.56485472255403,\N,9.46669960021973,10.4528999328613,2023000,1999,580
DNK,13.7991986801791,8.1043807,100,\N,\N,5.72511701825467,7.01617406052041,1.45744405054744,\N,6.50659990310669,6.95149993896484,3535000,2000,581
DNK,13.6681593787746,8.4483269,100,\N,\N,4.14519373351968,5.73377908901451,1.53238072045298,\N,7.32320022583008,9.26539993286133,3684000,2001,582
DNK,13.5371200773701,8.70251179,100,\N,\N,4.43514417139879,6.18895886342546,1.50814985204971,\N,8.82859992980957,5.20979976654053,3436000,2002,583
DNK,13.4060807759656,8.90363048,100,\N,\N,4.7747173282159,6.56263951155199,1.46685124979903,7279.6,\N,\N,3474000,2003,584
DNK,13.275041474561,9.00743094,100,2.30585,1.14757,5.37395741231344,7.85662784337941,1.42370423392813,7751.3,8.46909999847412,7.05700016021729,4421000,2004,585
DNK,13.1440021731565,9.0905709,100,1.42302,1.44432,6.89521312108448,9.65488277462386,1.3114886404907,8312.6,8.64570045471191,8.57999992370605,9587000,2005,586
DNK,13.2825834807882,9.16879674,100,1.19378,1.00773,6.0048353697023,10.1074694054401,1.37749218313459,8536.3,7.88749980926514,7.46600008010864,9630000,2006,587
DNK,13.4211647884199,9.32515549,100,0.6445,0.33277,5.05633334144264,8.45224922538221,1.3072470519224,9023.1,7.63660001754761,7.40210008621216,9832000,2007,588
DNK,13.5597460960516,9.51134351,100,0.79008,0.50064,7.55024412271536,9.60022693439771,1.35500452408311,9283.4,7.4047999382019,8.68659973144531,9564000,2008,589
DNK,13.6983259651927,10.67431683,100,1.1366,0.70521,6.26393808077358,7.65351452633966,1.35017823723117,9843.7,13.2700004577637,10.2950000762939,9265000,2009,590
DNK,13.8369072728244,10.33315757,100,1.33578,1.06482,7.32732558541486,8.09229142700061,1.39862147873519,10395.9,16.0900993347168,11.7609996795654,9425000,2010,591
DNK,13.9552202478715,10.15290857,100,0.98215,0.80414,9.0527281721623,8.94076153554439,1.31353101003111,11590,15.6892995834351,12.7229995727539,8471000,2011,592
DNK,14.2210053500462,10.24135399,100,0.65614,0.47189,10.0573856461722,9.3836732713276,1.35181915375287,12675.1,14.7590999603271,13.4884004592896,8443000,2012,593
DNK,14.3405566359736,10.16958128,100,0.25171,0.25527,10.5682381726345,8.59171905526957,1.22725202197052,13053.1,14.274299621582,11.8102998733521,8557000,2013,594
DNK,14.4601093754651,10.17190456,100,0.61653,0.38135,8.47625854977369,6.54181634904634,1.14927328112499,14022,13.7412004470825,11.4632997512817,10267000,2014,595
DNK,14.5796621149567,10.27382498,100,0.07658,0.0417,6.46662268914429,4.82021641303922,1.11144613220871,14052.6,11.6094999313354,10.0549001693726,10424000,2015,596
DNK,14.6992134008841,10.35004017,100,\N,\N,5.16272559115243,3.84567118282672,1.15178629245754,13470.7,13.0880002975464,10.9034004211426,10781000,2016,597
DNK,\N,\N,100,\N,\N,5.53424295904114,4.17619671445871,1.14601616938322,\N,11.4090995788574,10.6704998016357,11743000,2017,598
DNK,\N,\N,\N,\N,\N,6.39937606173236,4.63022634822303,1.18141520744533,\N,10.5144996643066,8.16819953918457,\N,2018,599
DNK,\N,\N,\N,\N,\N,\N,\N,\N,\N,\N,\N,\N,2019,600
FRA,\N,\N,\N,\N,\N,\N,\N,6.46267458092834,\N,\N,\N,\N,1960,601
FRA,\N,\N,\N,\N,\N,\N,\N,6.30448138888382,\N,\N,\N,\N,1961,602
FRA,\N,\N,\N,\N,\N,15.4222764071033,3.77615286525763,6.14169539050497,\N,\N,\N,\N,1962,603
FRA,\N,\N,\N,\N,\N,16.5379519400857,3.66909378755823,5.64312630211287,\N,\N,\N,\N,1963,604
FRA,\N,\N,\N,\N,\N,15.143420223332,3.42511317788559,5.40521991060177,\N,\N,\N,\N,1964,605
FRA,\N,\N,\N,\N,\N,15.4771371488711,3.24069972936996,5.23267819034556,\N,\N,\N,\N,1965,606
FRA,\N,\N,\N,\N,\N,13.5481402250699,3.40526763994616,5.10741705288012,\N,\N,\N,\N,1966,607
FRA,\N,\N,\N,\N,\N,14.5075284034384,3.05383950696064,5.1135394635633,\N,\N,\N,\N,1967,608
FRA,\N,\N,\N,\N,\N,13.6580188557853,2.56767580420559,4.92496255867054,\N,\N,\N,\N,1968,609
FRA,\N,\N,\N,\N,\N,11.4040018580571,2.32957153315943,4.38078654946125,\N,\N,\N,\N,1969,610
FRA,\N,\N,\N,\N,\N,12.1091279281448,2.12050043393237,4.11745254943456,\N,\N,\N,\N,1970,611
FRA,\N,\N,\N,3.08272004127502,2.20236992835999,13.8767274464265,2.22794598357106,3.94784673021996,\N,\N,\N,\N,1971,612
FRA,\N,\N,\N,3.24883008003235,2.18756008148193,13.2263029850964,2.25698133257653,3.84571458925394,\N,\N,\N,\N,1972,613
FRA,\N,\N,\N,\N,\N,12.3616938865589,2.14001985719497,3.74263369659249,\N,\N,\N,\N,1973,614
FRA,\N,\N,\N,\N,\N,22.8939361549373,2.68767027039731,3.67444283909163,\N,\N,\N,\N,1974,615
FRA,\N,\N,\N,\N,\N,22.8701663788712,2.73288875487048,3.8062382697292,\N,\N,\N,\N,1975,616
FRA,\N,\N,\N,\N,\N,22.4465477835088,2.91104150248726,3.75742030047636,\N,\N,\N,\N,1976,617
FRA,\N,\N,\N,0.732469975948334,5.48415994644165,21.471280348533,2.98686501439632,3.84721941942832,\N,\N,\N,\N,1977,618
FRA,\N,\N,\N,\N,\N,19.4672582067252,2.67585430329497,3.75188171965339,\N,\N,\N,\N,1978,619
FRA,\N,\N,\N,1.22144997119904,0.887220025062561,21.5053532311115,3.56317603597837,3.73748620877249,\N,\N,\N,\N,1979,620
FRA,\N,\N,\N,1.04922997951508,0.343939989805222,26.5960584938376,4.04568783903678,3.75630776834631,\N,\N,\N,\N,1980,621
FRA,\N,\N,\N,\N,\N,28.8257735477235,4.66587661149732,3.86455802827196,\N,\N,\N,\N,1981,622
FRA,\N,\N,\N,2.52558994293213,2.23553991317749,26.7009045038724,3.96369032223558,3.83801738917463,\N,\N,\N,\N,1982,623
FRA,\N,\N,\N,4.88708019256592,4.15657997131348,24.4611850858208,3.79758359769851,3.85384243033259,\N,15.9593000411987,23.8957004547119,\N,1983,624
FRA,\N,\N,\N,\N,\N,24.0366826064248,3.64483110193501,3.79459957612788,\N,20.7569999694824,28.6800994873047,\N,1984,625
FRA,\N,\N,\N,5.32537984848022,4.908860206604,22.2571141993733,3.84852701091855,3.74288798686143,\N,22.8840007781982,28.7912006378174,\N,1985,626
FRA,\N,\N,\N,2.36317992210388,2.40826988220215,12.6271034321339,2.67893207320131,3.67363857118752,\N,21.5062007904053,26.44700050354,\N,1986,627
FRA,\N,\N,\N,\N,\N,10.749810156179,2.21232867261153,3.71493335287215,\N,19.9666996002197,27.0534992218018,\N,1987,628
FRA,\N,\N,\N,\N,\N,8.24076107078288,2.06099681041288,3.52770043165591,\N,19.1193008422852,25.3040008544922,\N,1988,629
FRA,\N,\N,\N,\N,\N,8.85110421913397,2.19384867326432,3.42859595347626,\N,16.1515998840332,23.0484008789063,\N,1989,630
FRA,26.3639444159487,\N,100,\N,\N,9.58086078554832,2.36002574125524,3.33970321935866,\N,\N,\N,\N,1990,631
FRA,26.5197243625733,\N,100,\N,\N,9.68562426123163,2.54635246330957,3.3478806174757,\N,17.0069007873535,22.6233997344971,\N,1991,632
FRA,26.6755043091979,\N,100,0.775820016860962,0.785669982433319,8.62326837209875,2.34425453116436,3.20326237354212,\N,18.5919990539551,24.9790992736816,\N,1992,633
FRA,26.8312860392832,\N,100,2.15866994857788,2.17564988136292,8.90008973216951,2.70705113366762,3.2019219717103,\N,23.505500793457,27.6583003997803,\N,1993,634
FRA,26.9870659859078,\N,100,2.1319100856781,2.28839993476868,7.69330956141685,2.45280437847935,3.16720684118026,\N,27.1805000305176,30.4953994750977,\N,1994,635
FRA,27.1428459325324,\N,100,0.97800999879837,1.14372003078461,6.79809283726699,2.39499363734134,2.96734524276981,\N,23.6676006317139,30.6396999359131,60033000,1995,636
FRA,27.298625879157,\N,100,\N,\N,8.30181526951561,2.60100956214853,2.87445887445887,\N,25.0268993377686,30.2919006347656,62406000,1996,637
FRA,27.4544058257816,\N,100,0.109489999711514,0.010049999691546,8.18399664544916,2.52735566041319,2.82795238120884,\N,26.9626998901367,31.138599395752,66591000,1997,638
FRA,27.6101875558669,\N,100,\N,\N,5.8575517818162,2.1537521270099,2.65032647029385,\N,24.1420001983643,28.4244995117188,70109000,1998,639
FRA,27.7659675024915,\N,100,3.23640990257263,3.11897993087769,6.60412797315061,2.21626757606242,2.59274698382782,\N,24.7390003204346,28.2042999267578,73147000,1999,640
FRA,27.9216976518641,9.5411273,100,3.66253,3.42935,10.0077839959802,2.81734162381187,2.48223808573738,\N,19.0013999938965,22.5592994689941,77190000,2000,641
FRA,28.1306225729372,9.66523159,100,3.76962,3.49194,9.62103413206499,2.58405347222953,2.41756598621766,\N,16.0051002502441,20.4669990539551,75202000,2001,642
FRA,28.3395457105527,9.98176457,100,3.86586,3.52684,9.28937979897377,2.45565655552069,2.43609355919309,\N,17.4748001098633,20.7931003570557,77012000,2002,643
FRA,28.5328381125808,10.04113395,100,4.09572,3.76165,9.74574686472671,2.63872076830106,2.49493151877822,51757.8,16.489200592041,18.1730003356934,75048000,2003,644
FRA,28.7573937692413,10.12424262,100,4.17341,3.67026,10.9274972656995,2.8565025686346,2.50525375597338,54775.8,19.74880027771,19.7684001922607,74433000,2004,645
FRA,28.9668477004284,10.17983581,100,\N,\N,13.5522474648874,4.09712634477415,2.40924625050611,59581.4,19.4601001739502,21.2845001220703,74988000,2005,646
FRA,29.1724876812552,10.32843864,100,\N,\N,14.8565832917175,4.29418425785262,2.35137713314551,62448,20.355899810791,22.5238990783691,77916000,2006,647
FRA,29.3781294455721,10.26315053,100,\N,\N,13.5497542489732,3.82460504338042,2.28051469073227,64476.8,18.3134994506836,19.4552001953125,80853000,2007,648
FRA,29.5837694263989,10.45362728,100,0.54645,0.45845,17.082649812577,5.05491332656573,2.26176733354079,67209.2,18.532600402832,18.0741004943848,79218000,2008,649
FRA,29.7894111907158,11.24352999,100,0.96513,0.81827,13.4947886521052,3.5712408093148,2.48633820520527,69380.8,24.0349006652832,21.6431999206543,76764000,2009,650
FRA,29.9950511715426,11.17922993,100,1.23192,1.30592,13.983586438729,3.65886902474076,2.33790693979669,70177.1,22.164400100708,23.0209999084473,76647000,2010,651
FRA,30.2014223833292,11.1942851,100,0.41572,0.05972,16.2319723836104,4.57401313784699,2.25766128424981,72035.5,21.3547992706299,22.6382007598877,80499000,2011,652
FRA,30.4077935951159,11.3208963,100,0.71104,0.01258,17.4274178785434,4.45329150280097,2.23692601124854,74413.7,24.0858993530273,23.1219997406006,81980000,2012,653
FRA,30.6141648069026,11.44199369,100,0.84388,0.30177,16.6233519698412,3.93246477463136,2.22039695086268,75266,23.7845993041992,24.3840007781982,83634000,2013,654
FRA,30.8205360186893,11.59500673,100,1.5411,1.17428,14.6869943565922,3.90387842111745,2.2303600626115,75017.4,25.1133003234863,23.1322994232178,83701000,2014,655
FRA,31.0269072304759,11.50136047,100,0.58958,0.43696,10.660718220554,3.03785903510274,2.26989054016681,72224.4,25.7796993255615,23.335599899292,84452000,2015,656
FRA,31.2332784422626,11.53929503,100,0.30242,0.02556,8.41014273302243,2.39780862475321,2.32732364460048,69430.8,25.0674991607666,24.0793991088867,82682000,2016,657
FRA,\N,\N,100,\N,\N,9.82133218406242,2.76033578977513,2.34967851446849,\N,23.141300201416,21.2521991729736,86861000,2017,658
FRA,\N,\N,\N,\N,\N,11.2824243247244,3.24320190688442,2.29394279932913,\N,21.4169998168945,19.9930992126465,\N,2018,659
FRA,\N,\N,\N,\N,\N,\N,\N,\N,\N,\N,\N,\N,2019,660
BRA,\N,\N,\N,\N,\N,\N,\N,2.67913472590723,\N,\N,\N,\N,1960,661
BRA,\N,\N,\N,\N,\N,\N,\N,2.36406619385343,\N,\N,\N,\N,1961,662
BRA,\N,\N,\N,\N,\N,17.2090810916278,0.612005555642229,2.39868330737835,\N,\N,\N,\N,1962,663
BRA,\N,\N,\N,\N,\N,17.4468287626032,0.66962834270723,2.26083918239834,\N,\N,\N,\N,1963,664
BRA,\N,\N,\N,\N,\N,20.4297941885014,0.186358952541575,2.01449809094829,\N,\N,\N,\N,1964,665
BRA,\N,\N,\N,\N,\N,20.5544162634717,0.000485497404062,3.35209215674899,\N,\N,\N,\N,1965,666
BRA,\N,\N,\N,\N,\N,16.8198413667977,\N,3.0219816316073,\N,\N,\N,\N,1966,667
BRA,\N,\N,\N,\N,\N,15.6293726232456,0.050408789912482,2.85697200831844,\N,\N,\N,\N,1967,668
BRA,\N,\N,\N,\N,\N,14.8406834050157,0.033904542087615,2.64974015836375,\N,\N,\N,\N,1968,669
BRA,\N,\N,\N,\N,\N,12.8932112695886,0.144149331388812,2.61559000626652,\N,\N,\N,\N,1969,670
BRA,\N,\N,\N,\N,\N,12.3540297727067,0.581632320624406,2.88728955692843,\N,\N,\N,\N,1970,671
BRA,\N,\N,\N,\N,\N,14.160800004156,0.827027019342867,2.61904685858105,\N,\N,\N,\N,1971,672
BRA,\N,\N,\N,\N,\N,13.4605713926096,1.00219141409849,2.43581199022501,\N,\N,\N,\N,1972,673
BRA,\N,\N,\N,\N,\N,15.072613793408,1.34798462534769,2.15465130649243,\N,\N,\N,\N,1973,674
BRA,\N,\N,\N,\N,\N,23.8091092752384,1.39158302052191,1.94135341120892,\N,\N,\N,\N,1974,675
BRA,\N,\N,\N,\N,\N,26.1510197383603,2.31537635726927,1.97214379625895,\N,\N,\N,\N,1975,676
BRA,\N,\N,\N,\N,\N,31.5919196773558,2.47480162106379,2.00275336513055,\N,\N,\N,\N,1976,677
BRA,\N,\N,\N,\N,\N,33.9663272480048,1.78691504265173,1.68772647800164,\N,\N,\N,\N,1977,678
BRA,\N,\N,\N,\N,\N,32.8764622101306,1.55128270620942,1.59967155032807,\N,\N,\N,\N,1978,679
BRA,\N,\N,\N,\N,\N,37.0688390852248,1.49597263942829,1.52193168607333,\N,\N,\N,\N,1979,680
BRA,\N,\N,\N,\N,\N,43.0845255664034,1.77601692072465,1.13843442074363,\N,\N,\N,\N,1980,681
BRA,\N,\N,\N,\N,\N,50.5118189685419,5.05565512187762,1.14314876818876,\N,\N,\N,\N,1981,682
BRA,\N,\N,\N,\N,\N,53.5400974753854,7.15570915277825,1.30353436107498,\N,\N,\N,\N,1982,683
BRA,\N,\N,\N,\N,\N,54.4753423695384,5.29088505956537,1.25458032300474,\N,\N,\N,\N,1983,684
BRA,\N,\N,\N,\N,\N,52.8430002188221,6.7678845692108,1.19954104516533,\N,\N,\N,\N,1984,685
BRA,\N,\N,\N,\N,\N,47.2231393252989,6.35625773629529,1.42952312218953,\N,6,6.92999982833862,\N,1985,686
BRA,\N,\N,\N,\N,\N,26.7785273138692,3.12467488216838,1.22038872750142,\N,4.17000007629395,5.15000009536743,\N,1986,687
BRA,\N,\N,\N,\N,\N,32.5558973801467,3.60793733843234,1.74399403145367,\N,6.21999979019165,7.3899998664856,\N,1987,688
BRA,\N,\N,\N,\N,\N,30.1232441316593,2.67233227861758,2.1180722049862,\N,6.59999990463257,8.14000034332275,\N,1988,689
BRA,\N,\N,\N,\N,\N,25.7776982699343,2.47325253547339,2.68625,\N,5.3899998664856,5.71999979019165,\N,1989,690
BRA,65.4098878458604,\N,87.475116,\N,\N,26.9632152251832,2.15987393047698,2.36384102519699,\N,6.73000001907349,6.78000020980835,\N,1990,691
BRA,65.1056185945677,\N,90.1516571044922,\N,\N,23.9594796816785,1.36521132822537,1.96333333333333,\N,\N,\N,\N,1991,692
BRA,64.8013568210152,\N,88.803833,\N,\N,24.7510286400039,1.59716554752655,1.52152886115445,\N,9.89999961853027,14.9899997711182,\N,1992,693
BRA,64.4970875697225,\N,89.999927,\N,\N,20.776753566244,1.65268003762075,1.92792281498297,\N,9.77999973297119,14.25,\N,1993,694
BRA,64.19282579617,\N,91.5416870117188,\N,\N,14.9041477769338,1.81020526501459,2.016007789121,\N,\N,\N,\N,1994,695
BRA,63.8885565448772,\N,91.728598,\N,\N,12.1198764010873,0.874509603867617,1.86213698033379,\N,9.93840026855469,15.0482997894287,1991000,1995,696
BRA,63.5842872935845,\N,92.867095,\N,\N,13.174404614104,0.890640552567456,1.65484349950291,\N,10.6128997802734,16.8875999450684,2666000,1996,697
BRA,63.280025520032,\N,93.354139,\N,\N,11.6809784440557,0.609968622363222,1.57768831551774,\N,12.1192998886108,19.2859992980957,2850000,1997,698
BRA,62.9757562687392,\N,94.193812,\N,\N,9.30402236403708,0.719941951760776,1.66229191975824,\N,14.1501998901367,23.3348999023438,4818000,1998,699
BRA,62.6714907563166,\N,94.76296,\N,\N,11.37043925339,0.836684207725736,1.64547466656987,\N,15.3854999542236,24.0893001556396,5107000,1999,700
BRA,62.367225243894,6.56181769,94.3932952880859,\N,\N,14.9284865703692,1.64335019374067,1.73072614713627,\N,\N,\N,5313000,2000,701
BRA,62.0193009449471,6.7298316,96.016528,\N,\N,13.973622407247,3.58262710686956,1.95188244532532,\N,14.8966999053955,22.6532001495361,4773000,2001,702
BRA,61.6713766460002,8.18188846,96.652996,\N,\N,14.8723655123356,4.88344814947375,1.89577119915617,\N,14.8229999542236,23.0331001281738,3785000,2002,703
BRA,61.3234523470533,7.84622081,96.980098,\N,\N,15.5539680047293,5.19316140218826,1.50347763554507,16752.4,15.3219003677368,24.7733993530273,4133000,2003,704
BRA,60.9755280481064,8.06186239,96.765107,2.43048,6.48602,18.3129401430784,4.5677955386881,1.46126840890621,19375.9,14.3360004425049,23.468599319458,4794000,2004,705
BRA,60.6276037491595,8.25106619,97.093513,\N,\N,18.3670204666965,5.9833453544164,1.52401339252107,21869.7,15.4828996658325,25.0480995178223,5358000,2005,706
BRA,60.4295707537801,8.34044194,97.594314,\N,\N,18.8261280811515,7.7084393845737,1.48108489489303,28159.8,13.9569997787476,23.2451000213623,5017000,2006,707
BRA,60.2315340195307,8.2778788,98.125382,6.80012,4.64084,18.5651786169329,8.28925101947858,1.46629209992902,31066.2,13.1191997528076,22.1355991363525,5026000,2007,708
BRA,60.0335010241513,8.11638847,98.526625,\N,\N,19.8455554822392,9.45941164264534,1.44192404201012,35532.3,12.0284996032715,20.7355995178223,5050000,2008,709
BRA,59.8354642899018,8.44724142,98.856938,3.18009,1.49212,14.7949190772131,8.99965913434398,1.53862567601211,38547.2,14.0017004013062,23.4025001525879,4802000,2009,710
BRA,59.6374312945225,9.723471,98.8462677001953,\N,\N,16.4061378816262,9.90578755643656,1.53940698128362,41754.9,\N,\N,5161000,2010,711
BRA,59.5197017518252,9.7830923,99.328691,3.60621,4.2696,18.6051336586095,10.5447420450848,1.41185115924524,44585.8,12.3027000427246,20.0869007110596,5433000,2011,712
BRA,59.4019722091279,10.03918369,99.519494,\N,\N,18.0123651783403,11.0271428609977,1.37865646470437,49184.2,\N,\N,5677000,2012,713
BRA,59.2842426664306,10.23850921,99.575151,\N,\N,19.1422638862312,7.43576206205065,1.3294461087607,51136.2,\N,\N,5813000,2013,714
BRA,59.1665131237333,10.81982148,99.650247,\N,\N,19.6996939694837,9.24652234723185,1.330244423168,53667.3,\N,\N,6430000,2014,715
BRA,59.048783581036,11.4647339,99.710902,\N,\N,14.572939153411,7.26504448912215,1.36551715396161,53492.3,\N,\N,6306000,2015,716
BRA,58.9310540383387,11.77150303,99.7,\N,\N,11.041102349813,6.34469227953539,1.35015057288696,53606.6,23.9178009033203,31.6387996673584,6547000,2016,717
BRA,\N,\N,100,\N,\N,14.3274920525763,8.70085280835399,1.41952663807017,\N,25.7448997497559,33.6908988952637,6589000,2017,718
BRA,\N,\N,\N,\N,\N,15.0913704019863,12.4970135926179,1.47490154739588,\N,25.2765007019043,32.7826995849609,\N,2018,719
BRA,\N,\N,\N,\N,\N,\N,\N,\N,\N,\N,\N,\N,2019,720
